sig_algo,conf_algo,payload_size_bytes,num_processes,process_idx,verify_mean_ns,verify_std_ns,verify_ci95_lo_ns,verify_ci95_hi_ns,sign_mean_ns,sign_std_ns,sign_ci95_lo_ns,sign_ci95_hi_ns,encrypt_mean_ns,encrypt_std_ns,encrypt_ci95_lo_ns,encrypt_ci95_hi_ns,decrypt_mean_ns,decrypt_std_ns,decrypt_ci95_lo_ns,decrypt_ci95_hi_ns,msg_size_bytes,throughput_mean_msg_s,throughput_std_msg_s,throughput_ci95_lo_msg_s,throughput_ci95_hi_msg_s
RSA,None,8,1,-1,0.00,0.00,0.00,0.00,648055.63,212636.58,571964.61,724146.66,0.00,0.00,0.00,0.00,0.00,0.00,0.00,0.00,264,1608.76,213.02,1532.53,1684.99
RSA,None,8,2,-1,59714.37,41492.70,44866.40,74562.34,1829593.10,1293491.98,1366722.94,2292463.26,0.00,0.00,0.00,0.00,0.00,0.00,0.00,0.00,520,666.15,233.23,582.68,749.61
RSA,None,8,3,-1,80513.43,37603.91,67057.05,93969.82,1819319.57,196073.05,1749155.73,1889483.40,0.00,0.00,0.00,0.00,0.00,0.00,0.00,0.00,776,532.14,52.07,513.51,550.77
RSA,None,8,4,-1,124657.27,46090.85,108163.87,141150.67,2499629.93,253037.96,2409081.46,2590178.40,0.00,0.00,0.00,0.00,0.00,0.00,0.00,0.00,1032,384.87,36.31,371.87,397.86
RSA,None,8,5,-1,160508.17,51632.05,142031.87,178984.46,3194395.97,281883.32,3093525.32,3295266.62,0.00,0.00,0.00,0.00,0.00,0.00,0.00,0.00,1288,300.52,27.06,290.84,310.21
RSA,None,8,6,-1,206729.07,59943.62,185278.52,228179.62,3812595.20,320383.90,3697947.29,3927243.11,0.00,0.00,0.00,0.00,0.00,0.00,0.00,0.00,1544,250.63,20.87,243.16,258.10
RSA,None,8,7,-1,210627.80,56625.31,190364.69,230890.91,4323764.83,348248.95,4199145.55,4448384.12,0.00,0.00,0.00,0.00,0.00,0.00,0.00,0.00,1800,221.94,16.87,215.91,227.98
RSA,None,8,8,-1,218133.73,12397.11,213697.48,222569.98,4817919.37,209167.64,4743069.69,4892769.05,0.00,0.00,0.00,0.00,0.00,0.00,0.00,0.00,2056,198.90,8.15,195.99,201.82
RSA,None,16,1,-1,0.00,0.00,0.00,0.00,624580.60,83089.03,594847.57,654313.63,0.00,0.00,0.00,0.00,0.00,0.00,0.00,0.00,272,1621.13,159.12,1564.19,1678.07
RSA,None,16,2,-1,44400.47,32531.24,32759.31,56041.62,1265669.67,108492.28,1226846.20,1304493.13,0.00,0.00,0.00,0.00,0.00,0.00,0.00,0.00,528,768.51,59.54,747.21,789.82
RSA,None,16,3,-1,77258.13,32552.44,65609.39,88906.87,1891670.73,131861.68,1844484.64,1938856.83,0.00,0.00,0.00,0.00,0.00,0.00,0.00,0.00,784,510.36,34.32,498.08,522.64
RSA,None,16,4,-1,114663.93,37687.96,101177.47,128150.40,2548007.13,168307.57,2487779.04,2608235.22,0.00,0.00,0.00,0.00,0.00,0.00,0.00,0.00,1040,377.29,24.91,368.37,386.20
RSA,None,16,5,-1,158948.17,50498.91,140877.36,177018.97,3250547.37,230166.87,3168183.21,3332911.52,0.00,0.00,0.00,0.00,0.00,0.00,0.00,0.00,1296,294.93,21.76,287.14,302.71
RSA,None,16,6,-1,197064.60,56017.68,177018.93,217110.27,3881540.87,202308.32,3809145.77,3953935.97,0.00,0.00,0.00,0.00,0.00,0.00,0.00,0.00,1552,245.94,13.89,240.97,250.91
RSA,None,16,7,-1,253537.07,91293.78,220868.01,286206.13,4597360.20,332198.58,4478484.47,4716235.93,0.00,0.00,0.00,0.00,0.00,0.00,0.00,0.00,1808,207.42,15.95,201.71,213.12
RSA,None,16,8,-1,303495.03,62777.27,281030.47,325959.59,5258226.80,260305.65,5165077.62,5351375.98,0.00,0.00,0.00,0.00,0.00,0.00,0.00,0.00,2064,180.33,9.90,176.78,183.87
RSA,None,32,1,-1,0.00,0.00,0.00,0.00,705474.73,139061.03,655712.38,755237.08,0.00,0.00,0.00,0.00,0.00,0.00,0.00,0.00,288,1457.11,211.80,1381.32,1532.90
RSA,None,32,2,-1,39479.73,11684.04,35298.65,43660.81,1349140.63,141647.88,1298452.59,1399828.68,0.00,0.00,0.00,0.00,0.00,0.00,0.00,0.00,544,726.86,66.28,703.14,750.58
RSA,None,32,3,-1,64739.27,16818.15,58720.97,70757.56,1904379.80,116390.07,1862730.15,1946029.45,0.00,0.00,0.00,0.00,0.00,0.00,0.00,0.00,800,509.52,27.78,499.58,519.46
RSA,None,32,4,-1,131732.47,51910.02,113156.70,150308.23,3184706.67,724921.18,2925296.95,3444116.38,0.00,0.00,0.00,0.00,0.00,0.00,0.00,0.00,1056,317.24,70.66,291.95,342.52
RSA,None,32,5,-1,271516.10,78956.95,243261.72,299770.48,4993749.17,302599.79,4885465.22,5102033.11,0.00,0.00,0.00,0.00,0.00,0.00,0.00,0.00,1312,190.72,12.42,186.28,195.16
RSA,None,32,6,-1,316030.67,57238.88,295548.00,336513.34,5913974.30,335231.92,5794013.10,6033935.50,0.00,0.00,0.00,0.00,0.00,0.00,0.00,0.00,1568,161.04,9.31,157.71,164.38
RSA,None,32,7,-1,385168.33,86196.63,354323.27,416013.40,7244064.40,859861.32,6936366.98,7551761.82,0.00,0.00,0.00,0.00,0.00,0.00,0.00,0.00,1824,132.78,14.57,127.57,137.99
RSA,None,32,8,-1,417773.80,80214.49,389069.41,446478.19,7769177.17,465500.13,7602600.09,7935754.25,0.00,0.00,0.00,0.00,0.00,0.00,0.00,0.00,2080,122.63,7.63,119.90,125.36
RSA,None,64,1,-1,0.00,0.00,0.00,0.00,984115.83,136087.27,935417.63,1032814.04,0.00,0.00,0.00,0.00,0.00,0.00,0.00,0.00,320,1030.57,109.12,991.52,1069.62
RSA,None,64,2,-1,54953.27,18783.37,48231.72,61674.81,1897911.30,189404.76,1830133.68,1965688.92,0.00,0.00,0.00,0.00,0.00,0.00,0.00,0.00,576,516.32,43.46,500.77,531.88
RSA,None,64,3,-1,91939.13,5446.91,89989.98,93888.29,2787149.67,188223.59,2719794.72,2854504.61,0.00,0.00,0.00,0.00,0.00,0.00,0.00,0.00,832,348.59,19.77,341.51,355.66
RSA,None,64,4,-1,168441.90,53660.25,149239.83,187643.97,3794728.20,222823.30,3714991.91,3874464.49,0.00,0.00,0.00,0.00,0.00,0.00,0.00,0.00,1088,253.21,14.93,247.87,258.56
RSA,None,64,5,-1,184510.17,67827.70,160238.33,208782.00,3888243.60,988186.37,3534625.65,4241861.55,0.00,0.00,0.00,0.00,0.00,0.00,0.00,0.00,1344,262.57,69.64,237.65,287.49
RSA,None,64,6,-1,193736.80,70847.54,168384.33,219089.27,3671634.00,373110.75,3538118.03,3805149.97,0.00,0.00,0.00,0.00,0.00,0.00,0.00,0.00,1600,261.27,24.28,252.58,269.96
RSA,None,64,7,-1,252111.70,80142.15,223433.20,280790.20,4439754.97,359166.82,4311228.77,4568281.16,0.00,0.00,0.00,0.00,0.00,0.00,0.00,0.00,1856,214.59,17.20,208.44,220.74
RSA,None,64,8,-1,286756.33,90251.06,254460.41,319052.26,5094908.00,332849.40,4975799.37,5214016.63,0.00,0.00,0.00,0.00,0.00,0.00,0.00,0.00,2112,186.75,12.88,182.14,191.36
RSA,None,128,1,-1,0.00,0.00,0.00,0.00,652644.40,102425.17,615992.02,689296.78,0.00,0.00,0.00,0.00,0.00,0.00,0.00,0.00,384,1557.27,168.54,1496.96,1617.58
RSA,None,128,2,-1,41216.80,18942.90,34438.17,47995.43,1295458.57,119152.48,1252820.40,1338096.73,0.00,0.00,0.00,0.00,0.00,0.00,0.00,0.00,640,753.90,63.25,731.26,776.53
RSA,None,128,3,-1,89580.93,40274.59,75168.86,103993.01,1987162.73,189724.24,1919270.79,2055054.68,0.00,0.00,0.00,0.00,0.00,0.00,0.00,0.00,896,486.10,45.89,469.68,502.53
RSA,None,128,4,-1,101145.23,25098.06,92164.01,110126.46,2544386.17,161371.96,2486639.95,2602132.38,0.00,0.00,0.00,0.00,0.00,0.00,0.00,0.00,1152,379.48,23.06,371.23,387.73
RSA,None,128,5,-1,122648.53,5175.65,120796.45,124500.62,3098124.27,172239.25,3036489.24,3159759.29,0.00,0.00,0.00,0.00,0.00,0.00,0.00,0.00,1408,311.29,15.33,305.81,316.78
RSA,None,128,6,-1,176354.13,56492.02,156138.72,196569.54,3758430.90,226452.22,3677396.01,3839465.79,0.00,0.00,0.00,0.00,0.00,0.00,0.00,0.00,1664,255.17,16.04,249.43,260.91
RSA,None,128,7,-1,237986.23,53938.13,218684.72,257287.75,4458354.53,252360.72,4368048.41,4548660.66,0.00,0.00,0.00,0.00,0.00,0.00,0.00,0.00,1920,213.60,11.95,209.32,217.88
RSA,None,128,8,-1,283226.33,78219.07,255236.00,311216.67,5088464.13,273913.14,4990445.57,5186482.69,0.00,0.00,0.00,0.00,0.00,0.00,0.00,0.00,2176,186.81,10.99,182.88,190.74
RSA,None,256,1,-1,0.00,0.00,0.00,0.00,650949.83,107470.47,612492.02,689407.65,0.00,0.00,0.00,0.00,0.00,0.00,0.00,0.00,512,1561.13,159.62,1504.01,1618.25
RSA,None,256,2,-1,40858.47,21305.35,33234.44,48482.49,1298022.53,138212.97,1248563.66,1347481.41,0.00,0.00,0.00,0.00,0.00,0.00,0.00,0.00,768,754.93,71.68,729.27,780.58
RSA,None,256,3,-1,81186.57,28948.36,70827.53,91545.61,1895678.67,172221.09,1834050.14,1957307.19,0.00,0.00,0.00,0.00,0.00,0.00,0.00,0.00,1024,509.57,41.26,494.81,524.34
RSA,None,256,4,-1,119526.90,39732.63,105308.76,133745.04,2527614.13,238348.45,2442322.24,2612906.03,0.00,0.00,0.00,0.00,0.00,0.00,0.00,0.00,1280,381.21,34.65,368.81,393.62
RSA,None,256,5,-1,145010.07,26970.01,135358.97,154661.16,3144420.57,244919.39,3056777.29,3232063.84,0.00,0.00,0.00,0.00,0.00,0.00,0.00,0.00,1536,305.71,22.31,297.73,313.69
RSA,None,256,6,-1,186718.50,41863.04,171738.00,201699.00,3716504.60,199108.32,3645254.60,3787754.60,0.00,0.00,0.00,0.00,0.00,0.00,0.00,0.00,1792,256.96,13.84,252.01,261.92
RSA,None,256,7,-1,193487.60,10718.82,189651.92,197323.28,4249636.00,188302.20,4182252.92,4317019.08,0.00,0.00,0.00,0.00,0.00,0.00,0.00,0.00,2048,225.46,9.31,222.12,228.79
RSA,None,256,8,-1,244243.10,61425.21,222262.37,266223.83,4850902.87,212328.89,4774921.95,4926883.78,0.00,0.00,0.00,0.00,0.00,0.00,0.00,0.00,2304,196.70,9.21,193.41,200.00
RSA,None,512,1,-1,0.00,0.00,0.00,0.00,641297.33,100147.75,605459.92,677134.74,0.00,0.00,0.00,0.00,0.00,0.00,0.00,0.00,768,1584.34,169.55,1523.67,1645.01
RSA,None,512,2,-1,46272.37,27090.00,36578.33,55966.40,1285221.50,143381.71,1233913.01,1336529.99,0.00,0.00,0.00,0.00,0.00,0.00,0.00,0.00,1024,759.77,77.43,732.06,787.48
RSA,None,512,3,-1,168899.03,77710.11,141090.83,196707.24,3048570.70,692744.58,2800675.24,3296466.16,0.00,0.00,0.00,0.00,0.00,0.00,0.00,0.00,1280,332.60,98.84,297.23,367.97
RSA,None,512,4,-1,146964.07,70495.65,121737.52,172190.61,2936481.80,776835.37,2658494.83,3214468.77,0.00,0.00,0.00,0.00,0.00,0.00,0.00,0.00,1536,340.05,61.18,318.15,361.94
RSA,None,512,5,-1,166563.17,50684.51,148425.95,184700.38,3217981.43,258781.92,3125377.51,3310585.35,0.00,0.00,0.00,0.00,0.00,0.00,0.00,0.00,1792,297.45,23.61,289.00,305.89
RSA,None,512,6,-1,204492.03,48606.58,187098.39,221885.67,3856774.53,250807.47,3767024.23,3946524.83,0.00,0.00,0.00,0.00,0.00,0.00,0.00,0.00,2048,247.33,16.52,241.42,253.24
RSA,None,512,7,-1,260394.53,76659.26,232962.37,287826.70,4474293.63,278240.69,4374726.48,4573860.79,0.00,0.00,0.00,0.00,0.00,0.00,0.00,0.00,2304,212.14,14.10,207.10,217.19
RSA,None,512,8,-1,277015.03,67943.15,252701.89,301328.18,5043170.63,301008.24,4935456.22,5150885.05,0.00,0.00,0.00,0.00,0.00,0.00,0.00,0.00,2560,188.70,11.64,184.53,192.86
RSA,None,1024,1,-1,0.00,0.00,0.00,0.00,630802.20,84223.97,600663.04,660941.36,0.00,0.00,0.00,0.00,0.00,0.00,0.00,0.00,1280,1604.94,154.11,1549.79,1660.09
RSA,None,1024,2,-1,34267.47,6860.42,31812.50,36722.44,1239855.10,148188.99,1186826.35,1292883.85,0.00,0.00,0.00,0.00,0.00,0.00,0.00,0.00,1536,793.15,71.35,767.61,818.68
RSA,None,1024,3,-1,68690.27,9597.53,65255.84,72124.70,1835821.37,170523.36,1774800.37,1896842.37,0.00,0.00,0.00,0.00,0.00,0.00,0.00,0.00,1792,528.33,37.56,514.89,541.77
RSA,None,1024,4,-1,104392.20,16585.19,98457.26,110327.14,2465696.67,229072.85,2383724.00,2547669.33,0.00,0.00,0.00,0.00,0.00,0.00,0.00,0.00,2048,391.71,29.73,381.07,402.35
RSA,None,1024,5,-1,180423.27,72227.65,154576.94,206269.60,3148842.37,277723.21,3049460.39,3248224.34,0.00,0.00,0.00,0.00,0.00,0.00,0.00,0.00,2304,302.58,24.89,293.67,311.48
RSA,None,1024,6,-1,215427.47,66359.84,191680.90,239174.03,3821111.77,441827.47,3663005.84,3979217.70,0.00,0.00,0.00,0.00,0.00,0.00,0.00,0.00,2560,250.53,24.32,241.83,259.23
RSA,None,1024,7,-1,259540.07,86427.04,228612.55,290467.58,4439276.37,423857.72,4287600.83,4590951.90,0.00,0.00,0.00,0.00,0.00,0.00,0.00,0.00,2816,214.48,17.55,208.20,220.76
RSA,None,1024,8,-1,299372.90,67375.86,275262.76,323483.04,5048986.23,385903.87,4910892.31,5187080.16,0.00,0.00,0.00,0.00,0.00,0.00,0.00,0.00,3072,187.95,12.59,183.44,192.45
RSA,AES-GCM,8,1,-1,0.00,0.00,0.00,0.00,670783.07,129691.17,624373.68,717192.46,12026.77,12731.87,7470.73,16582.81,0.00,0.00,0.00,0.00,292,1506.16,215.78,1428.95,1583.38
RSA,AES-GCM,8,2,-1,41010.07,21577.38,33288.70,48731.43,1297345.37,156750.51,1241252.92,1353437.81,23174.10,20988.87,15663.33,30684.87,2480.90,1419.13,1973.07,2988.73,548,745.06,88.99,713.21,776.90
RSA,AES-GCM,8,3,-1,80433.37,26639.83,70900.42,89966.31,1938653.67,207056.42,1864559.48,2012747.86,30320.00,16274.48,24496.25,36143.75,5485.03,2359.75,4640.61,6329.46,804,492.35,51.30,473.99,510.70
RSA,AES-GCM,8,4,-1,116123.10,29889.90,105427.14,126819.06,2546198.47,194979.16,2476426.07,2615970.86,38121.10,17546.48,31842.17,44400.03,8022.43,4705.48,6338.60,9706.27,1060,371.57,29.14,361.15,382.00
RSA,AES-GCM,8,5,-1,132122.87,18294.74,125576.18,138669.55,3080374.10,198745.00,3009254.12,3151494.08,35473.37,16104.31,29710.51,41236.22,8480.93,2588.63,7554.60,9407.26,1316,308.28,18.80,301.55,315.01
RSA,AES-GCM,8,6,-1,206516.90,32239.82,194980.03,218053.77,4720124.83,809052.96,4430608.95,5009640.72,47004.40,7975.67,44150.34,49858.46,12654.30,2080.08,11909.95,13398.65,1572,207.03,39.53,192.88,221.18
RSA,AES-GCM,8,7,-1,335362.77,67025.08,311378.15,359347.38,6284229.13,303175.33,6175739.23,6392719.03,92178.33,31335.21,80965.17,103391.50,22000.30,9215.60,18702.54,25298.06,1828,148.91,7.74,146.14,151.68
RSA,AES-GCM,8,8,-1,407453.90,83691.80,377505.17,437402.63,7354969.80,309526.29,7244207.24,7465732.36,115287.47,43642.83,99670.08,130904.85,26667.70,8065.84,23781.38,29554.02,2084,126.80,6.11,124.61,128.98
RSA,AES-GCM,16,1,-1,0.00,0.00,0.00,0.00,947470.90,111803.73,907462.45,987479.35,13110.07,6911.39,10636.86,15583.28,0.00,0.00,0.00,0.00,300,1050.56,85.23,1020.06,1081.06
RSA,AES-GCM,16,2,-1,48513.30,7192.30,45939.57,51087.03,1846796.37,111417.24,1806926.22,1886666.51,23149.40,10944.34,19233.02,27065.78,3386.57,1767.00,2754.25,4018.88,556,521.84,26.07,512.51,531.17
RSA,AES-GCM,16,3,-1,110180.60,32408.88,98583.23,121777.97,2816809.70,209901.19,2741697.52,2891921.88,39709.83,22977.25,31487.53,47932.14,7380.57,3572.49,6102.17,8658.97,812,338.12,24.07,329.51,346.73
RSA,AES-GCM,16,4,-1,165631.00,47752.45,148543.01,182718.99,3745023.10,209264.91,3670138.61,3819907.59,52226.30,20052.66,45050.55,59402.05,10264.50,4429.26,8679.51,11849.49,1068,252.44,13.59,247.58,257.30
RSA,AES-GCM,16,5,-1,196650.40,45434.26,180391.96,212908.84,4519873.40,255690.66,4428375.67,4611371.13,49347.20,19909.83,42222.56,56471.84,12358.50,3220.76,11205.96,13511.04,1324,209.97,11.84,205.73,214.21
RSA,AES-GCM,16,6,-1,242917.87,45195.17,226744.98,259090.75,5370557.30,244075.34,5283216.06,5457898.54,59682.27,21104.46,52130.13,67234.40,14986.93,2558.28,14071.46,15902.40,1580,176.19,8.01,173.32,179.05
RSA,AES-GCM,16,7,-1,255946.00,79945.42,227337.90,284554.10,4928286.40,1266677.55,4475011.66,5381561.14,73829.83,37190.49,60521.39,87138.28,16516.27,5635.30,14499.70,18532.83,1836,201.79,49.36,184.13,219.46
RSA,AES-GCM,16,8,-1,275063.80,63352.27,252393.48,297734.12,4818372.47,275551.49,4719767.63,4916977.30,75670.60,29721.79,65034.79,86306.41,17293.03,3447.76,16059.27,18526.80,2092,193.59,12.20,189.22,197.95
RSA,AES-GCM,32,1,-1,0.00,0.00,0.00,0.00,617373.77,85327.77,586839.62,647907.92,9330.80,4963.40,7554.67,11106.93,0.00,0.00,0.00,0.00,316,1615.54,151.61,1561.29,1669.80
RSA,AES-GCM,32,2,-1,39549.97,16509.85,33641.99,45457.94,1245866.90,114158.86,1205015.68,1286718.12,17492.13,8263.67,14535.02,20449.25,2378.93,1112.34,1980.89,2776.98,572,771.74,63.23,749.12,794.37
RSA,AES-GCM,32,3,-1,81823.07,30953.33,70746.56,92899.57,1904942.67,146804.90,1852409.21,1957476.12,31368.83,16022.98,25635.08,37102.58,5008.47,2931.26,3959.53,6057.41,828,497.42,39.51,483.28,511.56
RSA,AES-GCM,32,4,-1,113899.73,31035.77,102793.72,125005.74,2519968.57,206838.98,2445952.19,2593984.95,36176.20,16555.84,30251.77,42100.63,6746.93,1773.06,6112.45,7381.42,1084,376.12,30.00,365.38,386.86
RSA,AES-GCM,32,5,-1,151772.43,35780.06,138968.70,164576.16,3154943.20,237530.55,3069943.98,3239942.42,44799.17,20832.00,37344.53,52253.80,9639.40,3055.92,8545.85,10732.95,1340,299.15,21.68,291.39,306.91
RSA,AES-GCM,32,6,-1,183211.43,29634.32,172606.93,193815.94,3778499.10,191361.20,3710021.38,3846976.82,50755.13,17849.77,44367.68,57142.59,11920.30,3189.55,10778.93,13061.67,1596,249.21,13.59,244.35,254.07
RSA,AES-GCM,32,7,-1,194885.13,10158.67,191249.90,198520.37,4288816.07,191887.18,4220150.12,4357482.01,44052.87,4952.01,42280.81,45824.92,12404.57,996.26,12048.06,12761.07,1852,220.64,9.11,217.38,223.90
RSA,AES-GCM,32,8,-1,251589.40,39334.44,237513.75,265665.05,4989030.83,234328.91,4905177.31,5072884.36,65256.63,21961.49,57397.82,73115.45,16317.97,2717.68,15345.46,17290.47,2108,188.36,9.38,185.00,191.72
RSA,AES-GCM,64,1,-1,0.00,0.00,0.00,0.00,631908.43,125943.09,586840.28,676976.59,9437.37,8071.46,6549.03,12325.70,0.00,0.00,0.00,0.00,348,1593.41,181.01,1528.64,1658.18
RSA,AES-GCM,64,2,-1,42673.43,24551.55,33887.77,51459.09,1270717.10,159717.42,1213562.96,1327871.24,19726.73,13047.36,15057.80,24395.67,2439.90,1175.07,2019.41,2860.39,604,758.07,75.75,730.97,785.18
RSA,AES-GCM,64,3,-1,81422.13,27078.39,71732.26,91112.01,1915171.53,151584.77,1860927.62,1969415.45,27238.10,12962.35,22599.58,31876.62,4845.87,1863.42,4179.05,5512.68,860,496.19,39.82,481.94,510.44
RSA,AES-GCM,64,4,-1,115327.90,30715.93,104336.34,126319.46,2547225.77,174112.89,2484920.27,2609531.27,37129.17,17053.59,31026.62,43231.71,7686.83,3693.98,6364.96,9008.71,1116,371.10,24.88,362.19,380.00
RSA,AES-GCM,64,5,-1,158759.60,43296.87,143266.01,174253.19,3184909.40,222386.05,3105329.57,3264489.23,46539.07,20138.13,39332.73,53745.40,9903.80,2861.04,8879.99,10927.61,1372,295.63,20.95,288.14,303.13
RSA,AES-GCM,64,6,-1,199922.37,46917.62,183133.11,216711.62,3847694.50,289700.09,3744026.65,3951362.35,59041.17,23467.10,50643.57,67438.76,12450.90,2641.68,11505.59,13396.21,1628,244.32,19.09,237.49,251.16
RSA,AES-GCM,64,7,-1,235347.60,55836.59,215366.73,255328.47,4457349.07,318763.83,4343280.90,4571417.24,66011.80,26675.07,56466.25,75557.35,14831.77,2774.42,13838.95,15824.58,1884,210.59,15.03,205.21,215.96
RSA,AES-GCM,64,8,-1,262249.63,51760.97,243727.21,280772.06,5009962.03,306558.84,4900261.36,5119662.71,71929.63,33146.05,60068.47,83790.79,16581.17,3061.56,15485.60,17676.73,2140,187.28,11.58,183.14,191.42
RSA,AES-GCM,128,1,-1,0.00,0.00,0.00,0.00,617127.77,75125.13,590244.58,644010.95,6871.87,3123.69,5754.07,7989.66,0.00,0.00,0.00,0.00,412,1617.35,127.30,1571.80,1662.90
RSA,AES-GCM,128,2,-1,33119.83,9922.42,29569.14,36670.53,1220296.03,117350.21,1178302.80,1262289.26,12768.47,4540.90,11143.53,14393.41,2078.67,736.39,1815.15,2342.18,668,793.96,59.72,772.59,815.34
RSA,AES-GCM,128,3,-1,62434.63,3014.56,61355.89,63513.38,1825057.80,121350.84,1781632.96,1868482.64,18147.27,3875.25,16760.53,19534.01,3676.17,175.55,3613.35,3738.98,924,525.52,28.86,515.19,535.85
RSA,AES-GCM,128,4,-1,93589.93,2733.43,92611.79,94568.08,2432647.40,142334.05,2381713.81,2483580.99,24233.97,4408.51,22656.40,25811.53,5566.03,125.71,5521.05,5611.02,1180,392.30,19.77,385.22,399.37
RSA,AES-GCM,128,5,-1,152620.80,44841.76,136574.38,168667.22,3095092.60,177928.99,3031421.53,3158763.67,48145.40,33292.97,36231.67,60059.13,9495.53,2841.94,8478.56,10512.51,1436,303.79,19.17,296.93,310.65
RSA,AES-GCM,128,6,-1,201981.30,63336.70,179316.55,224646.05,3780012.53,203701.85,3707118.76,3852906.30,59934.70,34349.75,47642.80,72226.60,12616.07,4188.95,11117.07,14115.06,1692,247.57,15.29,242.10,253.04
RSA,AES-GCM,128,7,-1,235088.53,53660.32,215886.44,254290.63,4402926.27,251053.16,4313088.05,4492764.49,64169.93,29202.54,53719.94,74619.93,14887.13,3478.89,13642.23,16132.04,1948,212.80,12.58,208.29,217.30
RSA,AES-GCM,128,8,-1,267945.77,47342.25,251004.56,284886.97,5027466.37,242446.94,4940707.84,5114224.89,74944.73,25919.79,65669.46,84220.01,17555.60,3186.27,16415.41,18695.79,2204,186.03,8.77,182.89,189.16
RSA,AES-GCM,256,1,-1,0.00,0.00,0.00,0.00,654681.97,108545.14,615839.59,693524.35,9576.20,7518.00,6885.92,12266.48,0.00,0.00,0.00,0.00,540,1536.04,191.12,1467.65,1604.43
RSA,AES-GCM,256,2,-1,38862.50,17960.77,32435.32,45289.68,1283775.43,148088.03,1230782.81,1336768.06,18278.17,11865.43,14032.18,22524.15,2498.40,1199.35,2069.22,2927.58,796,753.33,75.06,726.47,780.19
RSA,AES-GCM,256,3,-1,76290.27,21571.79,68570.90,84009.63,1917278.07,183131.60,1851745.26,1982810.87,29307.10,17159.10,23166.79,35447.41,4607.67,1137.88,4200.48,5014.85,1052,497.30,42.39,482.13,512.47
RSA,AES-GCM,256,4,-1,118662.03,34204.62,106422.07,130902.00,2534208.13,170534.85,2473183.02,2595233.25,37595.10,22264.96,29627.69,45562.51,7717.90,4193.37,6217.32,9218.48,1308,372.42,25.35,363.34,381.49
RSA,AES-GCM,256,5,-1,140918.23,23947.90,132348.59,149487.88,3151111.23,226545.72,3070042.89,3232179.58,38173.43,18255.62,31640.74,44706.12,8949.43,2020.64,8226.36,9672.51,1564,300.86,19.50,293.88,307.84
RSA,AES-GCM,256,6,-1,166262.77,22738.80,158125.79,174399.74,3685678.83,208046.03,3611230.52,3760127.15,38942.23,8772.61,35803.00,42081.47,11088.67,3654.47,9780.93,12396.40,1820,257.08,13.79,252.14,262.01
RSA,AES-GCM,256,7,-1,224889.07,52377.01,206146.19,243631.94,4344166.27,276515.64,4245216.42,4443116.12,55208.17,20699.22,47801.05,62615.29,13967.77,2751.66,12983.10,14952.43,2076,216.55,13.99,211.54,221.55
RSA,AES-GCM,256,8,-1,271595.30,54347.05,252147.46,291043.14,5009859.40,262490.86,4915928.25,5103790.55,78961.30,38190.88,65294.87,92627.73,17329.80,3145.06,16204.35,18455.25,2332,186.57,10.50,182.81,190.32
RSA,AES-GCM,512,1,-1,0.00,0.00,0.00,0.00,653809.93,183681.88,588080.22,719539.65,9959.43,8396.29,6954.86,12964.01,0.00,0.00,0.00,0.00,796,1558.76,198.87,1487.60,1629.93
RSA,AES-GCM,512,2,-1,41920.70,19866.12,34811.70,49029.70,1285644.20,160795.02,1228104.44,1343183.96,20340.07,13196.95,15617.60,25062.53,2491.57,927.12,2159.80,2823.33,1052,750.81,78.80,722.61,779.01
RSA,AES-GCM,512,3,-1,78013.17,26737.05,68445.44,87580.90,1895479.70,171041.95,1834273.13,1956686.27,27220.80,15516.74,21668.21,32773.39,4757.97,1571.18,4195.73,5320.20,1308,502.45,41.51,487.60,517.31
RSA,AES-GCM,512,4,-1,118203.70,35569.30,105475.39,130932.01,2547679.80,217269.22,2469931.01,2625428.59,41007.50,22984.97,32782.43,49232.57,7274.17,1956.83,6573.92,7974.41,1564,371.23,31.04,360.13,382.34
RSA,AES-GCM,512,5,-1,164398.73,48910.04,146896.50,181900.97,3179142.53,230513.98,3096654.17,3261630.90,47908.10,24774.29,39042.74,56773.46,10338.93,2710.87,9368.86,11309.01,1820,295.67,21.79,287.87,303.47
RSA,AES-GCM,512,6,-1,197041.67,53323.80,177959.99,216123.34,3822266.40,226328.37,3741275.83,3903256.97,54681.23,23904.01,46127.29,63235.17,12427.63,2965.14,11366.57,13488.70,2076,245.78,15.80,240.12,251.43
RSA,AES-GCM,512,7,-1,221373.37,30628.19,210413.21,232333.52,4424266.40,211203.17,4348688.32,4499844.48,57045.17,18586.22,50394.17,63696.16,14176.07,2015.27,13454.91,14897.22,2332,212.50,10.33,208.81,216.20
RSA,AES-GCM,512,8,-1,324706.60,53681.37,305496.97,343916.23,6635660.00,1000758.85,6277543.04,6993776.96,72463.87,16591.22,66526.77,78400.96,21447.07,3254.43,20282.48,22611.65,2588,145.51,26.14,136.16,154.87
RSA,AES-GCM,1024,1,-1,0.00,0.00,0.00,0.00,910230.90,104763.46,872741.78,947720.02,16118.47,10683.07,12295.58,19941.35,0.00,0.00,0.00,0.00,1308,1088.81,85.71,1058.14,1119.48
RSA,AES-GCM,1024,2,-1,59072.00,22370.57,51066.79,67077.21,1819601.70,211693.13,1743848.29,1895355.11,26076.10,12546.06,21586.55,30565.65,3951.53,1581.42,3385.63,4517.44,1564,528.49,42.06,513.44,543.55
RSA,AES-GCM,1024,3,-1,109329.57,24340.03,100619.60,118039.53,2729071.03,335872.93,2608880.45,2849261.62,39916.23,17125.88,33787.81,46044.65,7552.90,2471.75,6668.40,8437.40,1820,349.98,28.75,339.69,360.27
RSA,AES-GCM,1024,4,-1,176200.77,41285.13,161427.07,190974.46,3686168.67,487156.11,3511842.09,3860495.24,56805.77,22689.18,48686.55,64924.99,11605.07,2856.54,10582.87,12627.27,2076,257.38,23.16,249.09,265.67
RSA,AES-GCM,1024,5,-1,235094.20,44470.14,219180.77,251007.63,4652322.00,661665.21,4415548.14,4889095.86,69618.33,24188.85,60962.47,78274.20,15969.90,3271.72,14799.13,17140.67,2332,203.65,19.33,196.73,210.57
RSA,AES-GCM,1024,6,-1,296075.90,60472.63,274436.05,317715.75,5539810.47,658913.88,5304021.16,5775599.77,84986.27,30712.13,73996.07,95976.46,20591.07,4775.35,18882.23,22299.90,2588,169.85,14.09,164.81,174.89
RSA,AES-GCM,1024,7,-1,341805.77,63196.85,319191.06,364420.47,6424783.43,756479.00,6154080.90,6695485.97,90663.33,36188.92,77713.30,103613.37,23927.53,4358.36,22367.92,25487.15,2844,146.66,12.33,142.25,151.07
RSA,AES-GCM,1024,8,-1,390414.73,64248.63,367423.66,413405.81,7125866.70,251277.57,7035948.18,7215785.22,97204.00,30511.54,86285.59,108122.41,26509.37,3393.74,25294.93,27723.80,3100,131.11,5.34,129.20,133.02
RSA,ChaCha20-Poly1305,8,1,-1,0.00,0.00,0.00,0.00,866896.80,190656.83,798671.13,935122.47,16075.17,15421.87,10556.52,21593.81,0.00,0.00,0.00,0.00,292,1177.17,220.59,1098.23,1256.11
RSA,ChaCha20-Poly1305,8,2,-1,35408.87,16675.05,29441.78,41375.96,1112366.47,144893.99,1060516.82,1164216.11,15513.03,7401.58,12864.41,18161.66,1922.97,483.75,1749.86,2096.07,548,869.38,89.80,837.25,901.52
RSA,ChaCha20-Poly1305,8,3,-1,69074.43,18945.04,62295.04,75853.83,1710876.67,120598.78,1667720.95,1754032.39,24077.67,10294.10,20393.97,27761.36,4200.83,872.07,3888.77,4512.90,804,555.91,39.23,541.87,569.95
RSA,ChaCha20-Poly1305,8,4,-1,109351.80,27730.54,99428.55,119275.05,2409462.37,221951.76,2330037.95,2488886.78,37103.10,18749.76,30393.59,43812.61,6488.20,765.65,6214.22,6762.18,1060,393.16,31.07,382.04,404.28
RSA,ChaCha20-Poly1305,8,5,-1,150568.40,34484.68,138228.22,162908.58,3048938.47,212623.60,2972852.09,3125024.84,47750.03,22918.55,39548.73,55951.33,9445.07,1497.02,8909.37,9980.77,1316,308.49,20.26,301.24,315.74
RSA,ChaCha20-Poly1305,8,6,-1,185542.00,34811.56,173084.84,197999.16,3707595.03,248210.82,3618773.93,3796416.14,55395.97,22030.27,47512.54,63279.40,12109.13,1708.16,11497.87,12720.39,1572,253.65,16.67,247.69,259.62
RSA,ChaCha20-Poly1305,8,7,-1,232915.27,58950.27,211820.18,254010.35,4364734.87,247316.44,4276233.82,4453235.92,69461.00,31530.67,58177.90,80744.10,16454.27,6134.91,14258.92,18649.61,1828,214.23,12.07,209.91,218.55
RSA,ChaCha20-Poly1305,8,8,-1,271578.17,61255.23,249658.27,293498.07,5017872.67,282883.06,4916644.26,5119101.07,77230.23,35597.90,64491.69,89968.78,18375.10,2421.55,17508.56,19241.64,2084,186.42,11.26,182.39,190.45
RSA,ChaCha20-Poly1305,16,1,-1,0.00,0.00,0.00,0.00,645041.20,108259.73,606300.95,683781.45,8318.77,5787.18,6247.85,10389.68,0.00,0.00,0.00,0.00,300,1559.37,179.51,1495.13,1623.61
RSA,ChaCha20-Poly1305,16,2,-1,33408.27,7137.75,30854.05,35962.48,1253147.50,131999.37,1205912.13,1300382.87,14816.57,8010.62,11950.00,17683.13,2161.83,810.62,1871.76,2451.91,556,773.75,66.33,750.01,797.49
RSA,ChaCha20-Poly1305,16,3,-1,68019.30,18269.65,61481.59,74557.01,1861534.83,167663.48,1801537.23,1921532.44,20926.13,6854.78,18473.18,23379.08,4379.67,852.11,4074.74,4684.59,812,515.13,40.52,500.63,529.63
RSA,ChaCha20-Poly1305,16,4,-1,94999.47,9782.25,91498.93,98500.00,2456449.70,187593.07,2389320.38,2523579.02,25765.40,7147.31,23207.77,28323.03,6359.30,864.74,6049.86,6668.74,1068,388.97,25.60,379.80,398.13
RSA,ChaCha20-Poly1305,16,5,-1,158235.00,58735.90,137216.63,179253.37,3110705.87,195155.71,3040870.29,3180541.44,47868.00,27256.70,38114.32,57621.68,9892.20,2217.34,9098.73,10685.67,1324,302.08,20.98,294.58,309.59
RSA,ChaCha20-Poly1305,16,6,-1,198837.30,51142.46,180536.21,217138.39,3760135.77,219090.80,3681735.13,3838536.40,58921.00,25414.75,49826.45,68015.55,12908.03,1924.19,12219.47,13596.60,1580,249.11,15.82,243.45,254.77
RSA,ChaCha20-Poly1305,16,7,-1,245065.57,66780.89,221168.33,268962.80,4450201.63,252883.00,4359708.61,4540694.65,77386.77,40658.22,62837.41,91936.12,17337.67,3330.59,16145.83,18529.50,1836,209.64,13.53,204.80,214.48
RSA,ChaCha20-Poly1305,16,8,-1,290441.70,65458.35,267017.73,313865.67,5114767.80,242573.54,5027963.97,5201571.63,85186.77,30101.32,74415.15,95958.39,20924.23,3976.18,19501.38,22347.09,2092,181.97,9.72,178.49,185.45
RSA,ChaCha20-Poly1305,32,1,-1,0.00,0.00,0.00,0.00,635268.33,74632.73,608561.35,661975.31,9959.33,8800.24,6810.21,13108.46,0.00,0.00,0.00,0.00,316,1565.41,136.49,1516.57,1614.25
RSA,ChaCha20-Poly1305,32,2,-1,35720.50,8692.96,32609.77,38831.23,1262930.70,110215.66,1223490.53,1302370.87,20403.20,11838.63,16166.80,24639.60,2130.10,438.65,1973.13,2287.07,572,761.58,56.08,741.51,781.65
RSA,ChaCha20-Poly1305,32,3,-1,78251.53,25246.42,69217.22,87285.85,1907661.20,134700.92,1859459.10,1955863.30,30010.03,18369.71,23436.52,36583.55,5226.90,2532.11,4320.80,6133.00,828,497.41,34.79,484.96,509.86
RSA,ChaCha20-Poly1305,32,4,-1,118716.90,42409.01,103541.03,133892.77,2522331.97,162021.84,2464353.19,2580310.74,37963.50,18776.53,31244.41,44682.59,7070.17,1072.24,6686.47,7453.86,1084,373.86,24.05,365.25,382.46
RSA,ChaCha20-Poly1305,32,5,-1,144628.13,35381.01,131967.20,157289.06,3124270.40,185718.17,3057812.01,3190728.79,40754.37,21415.39,33090.97,48417.77,9765.17,1833.70,9108.99,10421.35,1340,302.41,17.93,296.00,308.83
RSA,ChaCha20-Poly1305,32,6,-1,160585.17,12076.74,156263.56,164906.77,3666179.67,146723.61,3613675.30,3718684.04,40092.20,5582.40,38094.56,42089.84,11496.23,508.64,11314.22,11678.25,1596,258.20,9.54,254.78,261.61
RSA,ChaCha20-Poly1305,32,7,-1,216312.77,44047.67,200550.51,232075.02,4346175.30,202755.06,4273620.33,4418730.27,62723.97,29711.13,52091.98,73355.96,15874.27,4309.41,14332.17,17416.37,1852,216.05,11.19,212.05,220.06
RSA,ChaCha20-Poly1305,32,8,-1,300386.73,84276.30,270228.85,330544.62,5167595.47,252984.11,5077066.26,5258124.67,91652.70,44655.46,75672.95,107632.45,22504.67,5764.74,20441.78,24567.55,2108,179.85,11.54,175.73,183.98
RSA,ChaCha20-Poly1305,64,1,-1,0.00,0.00,0.00,0.00,664739.90,95329.82,630626.56,698853.24,12853.80,9627.52,9408.64,16298.96,0.00,0.00,0.00,0.00,348,1501.52,181.86,1436.44,1566.60
RSA,ChaCha20-Poly1305,64,2,-1,41250.47,14041.29,36225.86,46275.08,1312211.73,161674.44,1254357.28,1370066.19,23522.80,15643.76,17924.75,29120.85,2281.87,643.36,2051.64,2512.09,604,735.21,82.05,705.84,764.57
RSA,ChaCha20-Poly1305,64,3,-1,81664.73,26502.73,72180.85,91148.61,1943172.67,227931.98,1861608.25,2024737.08,30688.93,14548.02,25482.99,35894.87,5138.57,1491.82,4604.73,5672.41,860,491.64,51.08,473.36,509.92
RSA,ChaCha20-Poly1305,64,4,-1,114461.30,28497.46,104263.61,124658.99,2570525.10,177102.80,2507149.68,2633900.52,43255.20,22090.93,35350.06,51160.34,7632.00,1859.21,6966.69,8297.31,1116,367.50,26.65,357.96,377.03
RSA,ChaCha20-Poly1305,64,5,-1,154389.00,30351.71,143527.78,165250.22,3221705.60,278821.49,3121930.61,3321480.59,49659.80,17593.44,43364.07,55955.53,11360.00,3355.15,10159.38,12560.62,1372,292.87,22.79,284.72,301.03
RSA,ChaCha20-Poly1305,64,6,-1,193938.23,39026.29,179972.86,207903.61,3864854.93,377888.22,3729629.37,4000080.50,62088.60,24053.73,53481.08,70696.12,14561.90,4133.07,13082.90,16040.90,1628,243.99,21.60,236.25,251.72
RSA,ChaCha20-Poly1305,64,7,-1,226771.03,52043.37,208147.55,245394.51,4457478.83,281127.78,4356878.55,4558079.12,67178.73,28273.80,57061.09,77296.38,16699.57,3870.54,15314.51,18084.62,1884,210.62,13.59,205.76,215.48
RSA,ChaCha20-Poly1305,64,8,-1,232126.43,32416.60,220526.30,243726.56,4885448.97,270967.91,4788484.35,4982413.59,54906.20,9607.12,51468.34,58344.06,17597.27,1875.39,16926.17,18268.37,2140,193.20,9.69,189.73,196.66
RSA,ChaCha20-Poly1305,128,1,-1,0.00,0.00,0.00,0.00,628280.67,96798.18,593641.88,662919.45,7623.70,3786.54,6268.70,8978.70,0.00,0.00,0.00,0.00,412,1597.70,169.42,1537.08,1658.33
RSA,ChaCha20-Poly1305,128,2,-1,46076.53,34066.41,33886.03,58267.04,1292689.03,151393.26,1238513.65,1346864.42,22576.83,15855.40,16903.05,28250.61,2728.00,1019.00,2363.35,3092.65,668,743.70,82.86,714.05,773.35
RSA,ChaCha20-Poly1305,128,3,-1,83123.03,37796.16,69597.85,96648.22,1933830.10,200191.44,1862192.51,2005467.69,33840.23,24800.10,24965.63,42714.84,5212.50,2386.15,4358.63,6066.37,924,491.96,48.95,474.44,509.48
RSA,ChaCha20-Poly1305,128,4,-1,128264.43,42618.87,113013.47,143515.40,2572664.47,185455.42,2506300.10,2639028.83,42880.30,20323.31,35607.70,50152.90,8099.73,2388.19,7245.13,8954.34,1180,365.64,28.71,355.36,375.91
RSA,ChaCha20-Poly1305,128,5,-1,160097.57,37257.55,146765.12,173430.01,3196950.07,203973.59,3123959.05,3269941.08,53423.17,23659.67,44956.66,61889.67,10595.17,2180.21,9814.99,11375.35,1436,293.67,19.85,286.56,300.77
RSA,ChaCha20-Poly1305,128,6,-1,201080.50,45607.83,184759.95,217401.05,3875641.70,296511.61,3769536.38,3981747.02,63369.47,27254.35,53616.62,73122.31,14200.77,3010.53,13123.46,15278.07,1692,242.24,18.72,235.54,248.93
RSA,ChaCha20-Poly1305,128,7,-1,248703.90,62104.64,226480.04,270927.76,4533188.23,269763.09,4436654.75,4629721.71,76566.47,32122.84,65071.46,88061.48,17926.90,4324.55,16379.38,19474.42,1948,205.99,13.55,201.15,210.84
RSA,ChaCha20-Poly1305,128,8,-1,296190.20,62463.78,273837.82,318542.58,5156984.03,221087.26,5077868.97,5236099.09,85189.10,24992.24,76245.74,94132.46,22026.10,4852.21,20289.76,23762.44,2204,180.28,8.93,177.08,183.48
RSA,ChaCha20-Poly1305,256,1,-1,0.00,0.00,0.00,0.00,634552.47,78841.66,606339.34,662765.59,9967.93,7459.62,7298.54,12637.33,0.00,0.00,0.00,0.00,540,1568.12,139.30,1518.27,1617.97
RSA,ChaCha20-Poly1305,256,2,-1,37131.37,13772.39,32202.98,42059.75,1260146.30,106721.98,1221956.33,1298336.27,18500.47,15399.00,12990.01,24010.93,2582.57,1514.54,2040.60,3124.54,796,762.89,54.06,743.54,782.23
RSA,ChaCha20-Poly1305,256,3,-1,75112.23,15765.62,69470.58,80753.89,2104401.77,429408.49,1950739.91,2258063.62,24707.37,9789.16,21204.36,28210.37,4896.27,1066.91,4514.48,5278.06,1052,467.65,77.59,439.88,495.42
RSA,ChaCha20-Poly1305,256,4,-1,140512.47,13700.43,135609.83,145415.10,3537752.40,194165.21,3468271.27,3607233.53,39240.93,10184.67,35596.40,42885.47,9430.83,730.96,9169.26,9692.40,1308,269.04,13.45,264.23,273.85
RSA,ChaCha20-Poly1305,256,5,-1,228931.07,69488.58,204064.90,253797.23,4596025.43,361857.50,4466536.39,4725514.48,70515.03,34035.57,58335.56,82694.51,15035.00,3497.06,13783.59,16286.41,1564,205.06,16.55,199.14,210.98
RSA,ChaCha20-Poly1305,256,6,-1,301735.03,70789.82,276403.22,327066.85,5537945.10,329347.00,5420089.79,5655800.41,93785.50,30468.53,82882.48,104688.52,21306.40,5479.50,19345.59,23267.21,1820,168.67,11.14,164.69,172.66
RSA,ChaCha20-Poly1305,256,7,-1,344390.13,72252.12,318535.05,370245.22,6300271.43,270692.23,6203405.46,6397137.40,96162.07,33357.68,84225.18,108098.96,22815.03,3085.65,21710.85,23919.22,2076,148.17,6.94,145.69,150.66
RSA,ChaCha20-Poly1305,256,8,-1,402847.50,71399.64,377297.47,428397.53,7206089.50,315632.47,7093141.87,7319037.13,120825.27,42287.80,105692.77,135957.76,27725.50,2637.08,26781.83,28669.17,2332,129.20,6.14,127.01,131.40
RSA,ChaCha20-Poly1305,512,1,-1,0.00,0.00,0.00,0.00,933740.43,116095.61,892196.15,975284.71,14977.43,8820.35,11821.11,18133.75,0.00,0.00,0.00,0.00,796,1066.28,103.20,1029.35,1103.21
RSA,ChaCha20-Poly1305,512,2,-1,48582.30,5645.48,46562.09,50602.51,1782253.90,149973.47,1728586.58,1835921.22,20484.40,5370.59,18562.56,22406.24,3239.40,372.22,3106.20,3372.60,1052,542.01,35.52,529.30,554.73
RSA,ChaCha20-Poly1305,512,3,-1,96276.30,15568.98,90705.01,101847.59,2660020.30,176950.98,2596699.21,2723341.39,31353.17,9664.69,27894.70,34811.63,6536.80,555.43,6338.04,6735.56,1308,359.16,20.32,351.89,366.43
RSA,ChaCha20-Poly1305,512,4,-1,146688.73,19372.37,139756.42,153621.05,3560054.13,205719.05,3486438.52,3633669.75,43890.07,14640.85,38650.90,49129.23,10423.90,1521.17,9879.56,10968.24,1564,266.66,13.99,261.65,271.66
RSA,ChaCha20-Poly1305,512,5,-1,183601.37,64597.82,160485.33,206717.40,3602859.63,946475.92,3264167.57,3941551.69,58823.23,32970.64,47024.84,70621.62,12147.90,3712.04,10819.56,13476.24,1820,277.57,72.35,251.68,303.46
RSA,ChaCha20-Poly1305,512,6,-1,188516.90,46858.42,171748.83,205284.97,3552473.23,226528.54,3471411.04,3633535.43,56752.70,24699.33,47914.16,65591.24,14297.70,5753.41,12238.87,16356.53,2076,263.61,18.13,257.12,270.10
RSA,ChaCha20-Poly1305,512,7,-1,233318.70,55715.39,213381.20,253256.20,4310468.30,262287.81,4216609.81,4404326.79,68054.97,28780.20,57756.10,78353.83,16813.83,2327.08,15981.10,17646.57,2332,217.08,14.87,211.76,222.40
RSA,ChaCha20-Poly1305,512,8,-1,277896.93,46631.02,261210.24,294583.63,5046450.40,240669.80,4960327.82,5132572.98,81292.43,31317.06,70085.77,92499.10,20296.30,2351.56,19454.80,21137.80,2588,184.79,9.57,181.37,188.22
RSA,ChaCha20-Poly1305,1024,1,-1,0.00,0.00,0.00,0.00,635322.50,79665.92,606814.42,663830.58,9884.33,6776.49,7459.40,12309.27,0.00,0.00,0.00,0.00,1308,1567.71,146.78,1515.18,1620.23
RSA,ChaCha20-Poly1305,1024,2,-1,41145.23,12665.22,36613.04,45677.42,1291351.13,136667.35,1242445.35,1340256.92,24708.37,20502.31,17371.71,32045.02,3399.80,3034.07,2314.07,4485.53,1564,742.47,68.33,718.02,766.92
RSA,ChaCha20-Poly1305,1024,3,-1,79971.03,19748.24,72904.22,87037.85,1911343.83,167157.58,1851527.26,1971160.40,28800.00,11534.41,24672.46,32927.54,6043.40,1289.02,5582.13,6504.67,1820,496.50,36.05,483.60,509.40
RSA,ChaCha20-Poly1305,1024,4,-1,116727.33,21336.96,109092.00,124362.67,2555439.53,250586.37,2465768.35,2645110.71,38853.03,17472.49,32600.58,45105.48,8984.20,1398.67,8483.69,9484.71,2076,370.58,30.75,359.57,381.58
RSA,ChaCha20-Poly1305,1024,5,-1,141419.23,15184.30,135985.60,146852.86,3187827.73,497450.20,3009817.47,3365838.00,38597.73,7763.10,35819.74,41375.72,11299.67,1088.06,10910.31,11689.02,2332,300.31,31.01,289.21,311.40
RSA,ChaCha20-Poly1305,1024,6,-1,173726.60,13320.15,168960.05,178493.15,3692118.87,316551.27,3578842.45,3805395.28,43477.30,4436.30,41889.79,45064.81,13598.00,436.01,13441.97,13754.03,2588,256.21,16.54,250.29,262.13
RSA,ChaCha20-Poly1305,1024,7,-1,243685.27,65288.86,220321.95,267048.59,4405850.77,449904.57,4244854.49,4566847.05,73688.23,40353.69,59247.85,88128.61,19022.57,3252.77,17858.58,20186.55,2844,212.80,18.31,206.25,219.35
RSA,ChaCha20-Poly1305,1024,8,-1,304127.70,83949.30,274086.83,334168.57,5083765.03,373818.23,4949995.90,5217534.17,90375.40,40067.76,76037.34,104713.46,24484.13,4532.28,22862.28,26105.99,3100,182.78,13.44,177.97,187.59
Ed25519,None,8,1,-1,0.00,0.00,0.00,0.00,60511.57,13954.96,55517.85,65505.29,0.00,0.00,0.00,0.00,0.00,0.00,0.00,0.00,72,17206.69,3098.50,16097.90,18315.47
Ed25519,None,8,2,-1,143495.87,15461.00,137963.22,149028.51,117573.33,25622.78,108404.34,126742.33,0.00,0.00,0.00,0.00,0.00,0.00,0.00,0.00,136,3897.36,471.59,3728.60,4066.12
Ed25519,None,8,3,-1,287232.97,33968.59,275077.46,299388.47,179496.50,31685.59,168157.96,190835.04,0.00,0.00,0.00,0.00,0.00,0.00,0.00,0.00,200,2177.06,266.87,2081.56,2272.56
Ed25519,None,8,4,-1,430425.10,36239.91,417456.81,443393.39,240536.97,53019.73,221564.10,259509.83,0.00,0.00,0.00,0.00,0.00,0.00,0.00,0.00,264,1510.28,162.26,1452.21,1568.34
Ed25519,None,8,5,-1,550335.77,44477.29,534419.77,566251.76,274358.23,36521.31,261289.25,287427.22,0.00,0.00,0.00,0.00,0.00,0.00,0.00,0.00,328,1221.70,98.64,1186.40,1257.00
Ed25519,None,8,6,-1,701908.50,58168.17,681093.29,722723.71,363206.57,75633.29,336141.54,390271.59,0.00,0.00,0.00,0.00,0.00,0.00,0.00,0.00,392,950.57,102.15,914.02,987.13
Ed25519,None,8,7,-1,840597.00,70816.62,815255.60,865938.40,408610.43,63751.92,385797.10,431423.76,0.00,0.00,0.00,0.00,0.00,0.00,0.00,0.00,456,808.30,76.34,780.98,835.62
Ed25519,None,8,8,-1,980526.33,72037.01,954748.22,1006304.45,469983.80,68472.73,445481.15,494486.45,0.00,0.00,0.00,0.00,0.00,0.00,0.00,0.00,520,694.98,60.92,673.18,716.78
Ed25519,None,16,1,-1,0.00,0.00,0.00,0.00,60486.13,14046.44,55459.68,65512.59,0.00,0.00,0.00,0.00,0.00,0.00,0.00,0.00,80,17237.46,3166.37,16104.39,18370.53
Ed25519,None,16,2,-1,144327.33,22254.01,136363.84,152290.83,118958.60,20350.13,111676.40,126240.80,0.00,0.00,0.00,0.00,0.00,0.00,0.00,0.00,144,3878.24,532.89,3687.55,4068.93
Ed25519,None,16,3,-1,280199.37,39434.60,266087.87,294310.86,172343.20,36368.24,159328.99,185357.41,0.00,0.00,0.00,0.00,0.00,0.00,0.00,0.00,208,2250.15,261.56,2156.55,2343.74
Ed25519,None,16,4,-1,429750.17,52590.78,410930.80,448569.54,243611.17,44540.34,227672.61,259549.72,0.00,0.00,0.00,0.00,0.00,0.00,0.00,0.00,272,1510.02,190.70,1441.77,1578.26
Ed25519,None,16,5,-1,553359.67,43660.36,537736.01,568983.33,286885.30,58729.56,265869.20,307901.40,0.00,0.00,0.00,0.00,0.00,0.00,0.00,0.00,336,1203.58,117.80,1161.42,1245.73
Ed25519,None,16,6,-1,701119.70,62520.74,678746.94,723492.46,360305.70,80561.18,331477.25,389134.15,0.00,0.00,0.00,0.00,0.00,0.00,0.00,0.00,400,955.58,107.53,917.10,994.06
Ed25519,None,16,7,-1,846114.07,81997.67,816771.58,875456.56,407829.33,67346.88,383729.56,431929.10,0.00,0.00,0.00,0.00,0.00,0.00,0.00,0.00,464,806.29,77.80,778.45,834.13
Ed25519,None,16,8,-1,975496.00,71960.95,949745.10,1001246.90,472488.07,77865.24,444624.35,500351.79,0.00,0.00,0.00,0.00,0.00,0.00,0.00,0.00,528,696.69,62.90,674.18,719.20
Ed25519,None,32,1,-1,0.00,0.00,0.00,0.00,53143.90,4491.26,51536.72,54751.08,0.00,0.00,0.00,0.00,0.00,0.00,0.00,0.00,96,18920.27,1268.97,18466.18,19374.37
Ed25519,None,32,2,-1,136920.00,9670.36,133459.51,140380.49,121158.33,20501.84,113821.85,128494.82,0.00,0.00,0.00,0.00,0.00,0.00,0.00,0.00,160,3912.51,377.44,3777.44,4047.57
Ed25519,None,32,3,-1,269038.10,14314.33,263915.78,274160.42,163963.70,17653.85,157646.35,170281.05,0.00,0.00,0.00,0.00,0.00,0.00,0.00,0.00,224,2318.68,142.74,2267.60,2369.75
Ed25519,None,32,4,-1,417864.47,32591.40,406201.79,429527.15,243300.97,48057.17,226103.93,260498.00,0.00,0.00,0.00,0.00,0.00,0.00,0.00,0.00,288,1530.17,155.38,1474.57,1585.77
Ed25519,None,32,5,-1,548950.67,41495.73,534101.61,563799.72,289484.70,61842.67,267354.59,311614.81,0.00,0.00,0.00,0.00,0.00,0.00,0.00,0.00,352,1205.70,111.80,1165.69,1245.71
Ed25519,None,32,6,-1,709220.97,59272.92,688010.43,730431.51,359966.13,62228.50,337697.95,382234.31,0.00,0.00,0.00,0.00,0.00,0.00,0.00,0.00,416,945.06,93.78,911.50,978.62
Ed25519,None,32,7,-1,841548.23,65704.57,818036.15,865060.31,405061.27,69652.68,380136.38,429986.16,0.00,0.00,0.00,0.00,0.00,0.00,0.00,0.00,480,809.82,74.57,783.13,836.50
Ed25519,None,32,8,-1,946567.80,48193.78,929321.88,963813.72,430656.03,31636.71,419334.98,441977.08,0.00,0.00,0.00,0.00,0.00,0.00,0.00,0.00,544,728.07,36.35,715.07,741.08
Ed25519,None,64,1,-1,0.00,0.00,0.00,0.00,58999.10,12255.54,54613.51,63384.69,0.00,0.00,0.00,0.00,0.00,0.00,0.00,0.00,128,17553.23,3041.16,16464.96,18641.49
Ed25519,None,64,2,-1,137078.73,11713.55,132887.09,141270.37,106909.80,11113.21,102932.99,110886.61,0.00,0.00,0.00,0.00,0.00,0.00,0.00,0.00,192,4123.66,303.02,4015.22,4232.09
Ed25519,None,64,3,-1,288351.37,28771.24,278055.71,298647.02,181286.77,23763.48,172783.12,189790.42,0.00,0.00,0.00,0.00,0.00,0.00,0.00,0.00,256,2150.88,212.28,2074.92,2226.84
Ed25519,None,64,4,-1,405257.87,14960.32,399904.39,410611.35,215379.93,14406.33,210224.70,220535.17,0.00,0.00,0.00,0.00,0.00,0.00,0.00,0.00,320,1614.39,70.25,1589.25,1639.53
Ed25519,None,64,5,-1,551107.97,46308.03,534536.85,567679.08,277403.07,33123.62,265549.93,289256.20,0.00,0.00,0.00,0.00,0.00,0.00,0.00,0.00,384,1215.63,97.30,1180.81,1250.45
Ed25519,None,64,6,-1,677345.00,31810.68,665961.69,688728.31,322588.40,25379.86,313506.33,331670.47,0.00,0.00,0.00,0.00,0.00,0.00,0.00,0.00,448,1002.58,48.88,985.09,1020.07
Ed25519,None,64,7,-1,793324.63,17162.72,787183.03,799466.23,364936.43,10712.28,361103.09,368769.77,0.00,0.00,0.00,0.00,0.00,0.00,0.00,0.00,512,863.75,18.52,857.12,870.37
Ed25519,None,64,8,-1,922337.50,15830.78,916672.53,928002.47,419648.63,18079.07,413179.12,426118.15,0.00,0.00,0.00,0.00,0.00,0.00,0.00,0.00,576,745.49,15.63,739.89,751.08
Ed25519,None,128,1,-1,0.00,0.00,0.00,0.00,55510.13,8397.02,52505.30,58514.97,0.00,0.00,0.00,0.00,0.00,0.00,0.00,0.00,192,18328.12,2159.17,17555.47,19100.77
Ed25519,None,128,2,-1,135038.53,9981.29,131466.77,138610.29,115056.87,20533.08,107709.20,122404.53,0.00,0.00,0.00,0.00,0.00,0.00,0.00,0.00,256,4040.76,392.23,3900.41,4181.12
Ed25519,None,128,3,-1,270724.93,21990.50,262855.73,278594.13,169342.03,23453.71,160949.23,177734.84,0.00,0.00,0.00,0.00,0.00,0.00,0.00,0.00,320,2289.43,187.34,2222.39,2356.47
Ed25519,None,128,4,-1,404694.30,28094.05,394640.97,414747.63,223915.47,32082.18,212435.01,235395.93,0.00,0.00,0.00,0.00,0.00,0.00,0.00,0.00,384,1602.03,125.65,1557.06,1646.99
Ed25519,None,128,5,-1,542097.43,21653.09,534348.98,549845.89,284410.63,43596.08,268809.98,300011.29,0.00,0.00,0.00,0.00,0.00,0.00,0.00,0.00,448,1215.83,81.44,1186.69,1244.98
Ed25519,None,128,6,-1,697077.50,55012.57,677391.51,716763.49,351139.93,61418.26,329161.69,373118.18,0.00,0.00,0.00,0.00,0.00,0.00,0.00,0.00,512,963.92,94.49,930.10,997.73
Ed25519,None,128,7,-1,855719.17,73463.59,829430.56,882007.78,419716.70,70959.75,394324.08,445109.32,0.00,0.00,0.00,0.00,0.00,0.00,0.00,0.00,576,792.42,78.20,764.43,820.40
Ed25519,None,128,8,-1,966666.50,48666.32,949251.48,984081.52,457515.27,56824.56,437180.86,477849.68,0.00,0.00,0.00,0.00,0.00,0.00,0.00,0.00,640,705.42,46.45,688.80,722.05
Ed25519,None,256,1,-1,0.00,0.00,0.00,0.00,70625.23,16409.14,64753.30,76497.17,0.00,0.00,0.00,0.00,0.00,0.00,0.00,0.00,320,14915.10,3411.93,13694.16,16136.04
Ed25519,None,256,2,-1,146720.50,25917.37,137446.09,155994.91,129278.33,30408.79,118396.69,140159.98,0.00,0.00,0.00,0.00,0.00,0.00,0.00,0.00,384,3737.94,613.48,3518.41,3957.47
Ed25519,None,256,3,-1,283506.93,31451.14,272252.29,294761.58,180391.80,35718.14,167610.23,193173.37,0.00,0.00,0.00,0.00,0.00,0.00,0.00,0.00,448,2190.88,260.96,2097.50,2284.27
Ed25519,None,256,4,-1,418890.40,35056.14,406345.72,431435.08,232400.03,44213.62,216578.39,248221.67,0.00,0.00,0.00,0.00,0.00,0.00,0.00,0.00,512,1552.74,154.13,1497.58,1607.89
Ed25519,None,256,5,-1,577988.67,69741.83,553031.87,602945.46,303442.53,56407.39,283257.41,323627.66,0.00,0.00,0.00,0.00,0.00,0.00,0.00,0.00,576,1152.48,134.05,1104.51,1200.44
Ed25519,None,256,6,-1,704681.80,68887.97,680030.56,729333.04,351559.30,66040.46,327927.02,375191.58,0.00,0.00,0.00,0.00,0.00,0.00,0.00,0.00,640,958.50,97.66,923.55,993.45
Ed25519,None,256,7,-1,858042.47,93200.24,824691.19,891393.74,428520.70,71620.73,402891.55,454149.85,0.00,0.00,0.00,0.00,0.00,0.00,0.00,0.00,704,787.54,86.11,756.73,818.35
Ed25519,None,256,8,-1,976517.67,75693.82,949430.98,1003604.35,470640.60,72038.18,444862.07,496419.13,0.00,0.00,0.00,0.00,0.00,0.00,0.00,0.00,768,696.91,61.99,674.72,719.09
Ed25519,None,512,1,-1,0.00,0.00,0.00,0.00,82454.83,18245.34,75925.82,88983.84,0.00,0.00,0.00,0.00,0.00,0.00,0.00,0.00,576,12571.66,2162.83,11797.71,13345.62
Ed25519,None,512,2,-1,133603.90,6799.44,131170.75,136037.05,109742.47,11130.99,105759.29,113725.64,0.00,0.00,0.00,0.00,0.00,0.00,0.00,0.00,640,4124.51,235.55,4040.22,4208.80
Ed25519,None,512,3,-1,293211.07,31886.86,281800.50,304621.63,194275.93,41772.59,179327.80,209224.06,0.00,0.00,0.00,0.00,0.00,0.00,0.00,0.00,704,2089.96,277.78,1990.56,2189.36
Ed25519,None,512,4,-1,429224.37,46380.94,412627.16,445821.57,240510.83,38766.69,226638.35,254383.31,0.00,0.00,0.00,0.00,0.00,0.00,0.00,0.00,768,1512.88,164.42,1454.04,1571.72
Ed25519,None,512,5,-1,574677.97,59268.18,553469.12,595886.81,308886.53,45914.44,292456.26,325316.81,0.00,0.00,0.00,0.00,0.00,0.00,0.00,0.00,832,1144.22,115.19,1103.00,1185.44
Ed25519,None,512,6,-1,713940.17,65909.10,690354.90,737525.43,369833.10,71874.65,344113.09,395553.11,0.00,0.00,0.00,0.00,0.00,0.00,0.00,0.00,896,934.55,98.77,899.20,969.89
Ed25519,None,512,7,-1,823946.60,43182.49,808493.94,839399.26,403550.33,43062.97,388140.45,418960.22,0.00,0.00,0.00,0.00,0.00,0.00,0.00,0.00,960,817.96,50.28,799.97,835.95
Ed25519,None,512,8,-1,959073.33,37363.90,945702.83,972443.83,471753.87,62474.23,449397.75,494109.98,0.00,0.00,0.00,0.00,0.00,0.00,0.00,0.00,1024,701.73,43.86,686.04,717.42
Ed25519,None,1024,1,-1,0.00,0.00,0.00,0.00,57700.40,8641.11,54608.22,60792.58,0.00,0.00,0.00,0.00,0.00,0.00,0.00,0.00,1088,17612.45,1986.92,16901.44,18323.47
Ed25519,None,1024,2,-1,136950.77,9702.10,133478.91,140422.62,110772.77,4703.93,109089.49,112456.05,0.00,0.00,0.00,0.00,0.00,0.00,0.00,0.00,1152,4045.37,182.01,3980.24,4110.50
Ed25519,None,1024,3,-1,276630.03,16388.70,270765.41,282494.65,178726.53,22463.04,170688.24,186764.83,0.00,0.00,0.00,0.00,0.00,0.00,0.00,0.00,1216,2208.28,159.10,2151.34,2265.21
Ed25519,None,1024,4,-1,418195.20,40315.46,403768.50,432621.90,242384.40,46126.73,225878.16,258890.64,0.00,0.00,0.00,0.00,0.00,0.00,0.00,0.00,1280,1532.36,154.03,1477.24,1587.48
Ed25519,None,1024,5,-1,567315.77,51306.23,548956.07,585675.46,310828.53,55883.29,290830.96,330826.11,0.00,0.00,0.00,0.00,0.00,0.00,0.00,0.00,1344,1151.96,115.82,1110.52,1193.41
Ed25519,None,1024,6,-1,696512.33,38546.88,682718.51,710306.16,362378.77,45326.02,346159.06,378598.47,0.00,0.00,0.00,0.00,0.00,0.00,0.00,0.00,1408,949.42,67.95,925.11,973.73
Ed25519,None,1024,7,-1,835067.87,48605.39,817674.65,852461.08,415878.63,42088.13,400817.59,430939.68,0.00,0.00,0.00,0.00,0.00,0.00,0.00,0.00,1472,802.77,50.89,784.56,820.99
Ed25519,None,1024,8,-1,980111.10,55671.33,960189.37,1000032.83,488813.10,59034.48,467687.88,509938.32,0.00,0.00,0.00,0.00,0.00,0.00,0.00,0.00,1536,684.22,48.12,667.00,701.44
Ed25519,AES-GCM,8,1,-1,0.00,0.00,0.00,0.00,54090.03,2760.84,53102.08,55077.99,5620.13,964.77,5274.89,5965.37,0.00,0.00,0.00,0.00,100,16783.42,750.59,16514.83,17052.02
Ed25519,AES-GCM,8,2,-1,132855.60,4252.96,131333.70,134377.50,103398.37,3885.60,102007.92,104788.81,11200.40,1057.37,10822.03,11578.77,1790.57,180.18,1726.09,1855.04,164,4016.33,132.22,3969.01,4063.65
Ed25519,AES-GCM,8,3,-1,275923.80,20909.77,268441.34,283406.26,169937.30,20584.18,162571.35,177303.25,22764.77,10486.85,19012.10,26517.44,3982.70,899.01,3660.99,4304.41,228,2135.35,198.36,2064.37,2206.33
Ed25519,AES-GCM,8,4,-1,412069.67,19422.18,405119.53,419019.81,223632.63,27940.34,213634.31,233630.96,26450.70,7275.25,23847.28,29054.12,6118.20,1493.30,5583.83,6652.57,292,1504.25,106.58,1466.11,1542.39
Ed25519,AES-GCM,8,5,-1,536854.97,19335.23,529935.94,543773.99,267327.23,19382.35,260391.35,274263.12,30323.07,5847.50,28230.57,32415.57,7714.33,1377.51,7221.40,8207.27,356,1189.92,54.40,1170.45,1209.39
Ed25519,AES-GCM,8,6,-1,670398.43,22433.44,662370.73,678426.14,319768.03,23799.78,311251.39,328284.68,36269.87,5803.59,34193.08,38346.66,9283.50,773.29,9006.78,9560.22,420,967.25,40.49,952.76,981.74
Ed25519,AES-GCM,8,7,-1,801000.97,23052.33,792751.80,809250.14,368055.53,10199.79,364405.59,371705.48,40455.33,4012.18,39019.59,41891.08,11093.33,742.23,10827.73,11358.94,484,819.94,23.45,811.55,828.33
Ed25519,AES-GCM,8,8,-1,932017.87,20970.40,924513.70,939522.03,418564.87,12660.89,414034.23,423095.51,46273.10,5219.25,44405.41,48140.79,13034.10,1032.24,12664.72,13403.48,548,709.69,17.39,703.47,715.91
Ed25519,AES-GCM,16,1,-1,0.00,0.00,0.00,0.00,51636.00,4558.68,50004.70,53267.30,5054.20,385.57,4916.23,5192.17,0.00,0.00,0.00,0.00,108,17743.06,1286.50,17282.69,18203.43
Ed25519,AES-GCM,16,2,-1,132694.27,4027.72,131252.97,134135.57,106485.20,8744.45,103356.04,109614.36,12127.80,2888.00,11094.34,13161.26,1821.07,238.82,1735.60,1906.53,172,3961.54,202.10,3889.21,4033.86
Ed25519,AES-GCM,16,3,-1,263288.17,11182.68,259286.50,267289.84,154915.97,6003.38,152767.68,157064.25,16716.20,1570.60,16154.17,17278.23,3581.23,295.04,3475.66,3686.81,236,2283.23,78.71,2255.06,2311.39
Ed25519,AES-GCM,16,4,-1,401035.23,16730.67,395048.24,407022.23,209270.23,13193.15,204549.12,213991.34,23756.80,6171.61,21548.32,25965.28,5693.07,1070.07,5310.15,6075.99,300,1566.89,74.01,1540.41,1593.37
Ed25519,AES-GCM,16,5,-1,531238.93,15571.13,525666.88,536810.99,262200.80,17539.23,255924.47,268477.13,30068.90,7175.68,27501.12,32636.68,7346.83,579.07,7139.62,7554.05,364,1205.81,49.64,1188.05,1223.58
Ed25519,AES-GCM,16,6,-1,677604.43,36740.86,664456.89,690751.98,326021.83,23888.64,317473.39,334570.27,39153.57,10285.43,35472.97,42834.16,9999.67,2132.00,9236.74,10762.59,428,953.05,53.63,933.85,972.24
Ed25519,AES-GCM,16,7,-1,825081.50,42438.78,809894.98,840268.02,403996.60,55045.42,384298.85,423694.35,54409.90,18415.45,47820.01,60999.79,14242.40,5271.97,12355.85,16128.95,492,775.88,63.27,753.24,798.52
Ed25519,AES-GCM,16,8,-1,959092.60,55817.09,939118.71,979066.49,454285.87,59155.13,433117.48,475454.26,59706.27,19256.91,52815.27,66597.26,14706.00,3300.67,13524.87,15887.13,556,676.88,55.16,657.14,696.62
Ed25519,AES-GCM,32,1,-1,0.00,0.00,0.00,0.00,58353.63,10559.49,54574.97,62132.30,8083.03,4205.64,6578.07,9588.00,0.00,0.00,0.00,0.00,124,15484.82,2426.54,14616.50,16353.15
Ed25519,AES-GCM,32,2,-1,131651.10,6524.54,129316.32,133985.88,104724.03,5473.80,102765.26,106682.81,11089.90,1358.31,10603.84,11575.96,1797.43,157.16,1741.19,1853.67,188,4018.96,168.15,3958.79,4079.13
Ed25519,AES-GCM,32,3,-1,273963.20,25173.52,264954.97,282971.43,172374.50,24725.66,163526.54,181222.46,24402.03,14868.63,19081.36,29722.70,4176.20,1056.06,3798.29,4554.11,252,2132.74,226.91,2051.55,2213.94
Ed25519,AES-GCM,32,4,-1,410449.43,36854.59,397261.19,423637.68,223280.77,40821.62,208672.94,237888.60,28285.80,11972.80,24001.39,32570.21,6342.07,2328.18,5508.94,7175.20,316,1516.60,160.06,1459.32,1573.88
Ed25519,AES-GCM,32,5,-1,558665.00,45556.65,542362.76,574967.24,293815.43,59357.06,272574.78,315056.08,37088.27,15984.98,31368.11,42808.42,8560.43,2474.38,7674.99,9445.88,380,1128.87,122.27,1085.12,1172.63
Ed25519,AES-GCM,32,6,-1,688462.93,35655.06,675703.93,701221.93,337360.07,38180.71,323697.27,351022.86,43861.27,16835.42,37836.79,49885.74,10204.13,2110.60,9448.87,10959.40,444,931.58,70.85,906.23,956.94
Ed25519,AES-GCM,32,7,-1,820134.23,39624.04,805954.95,834313.52,392674.17,48376.63,375362.81,409985.52,51168.03,19602.29,44153.44,58182.62,12357.80,2572.24,11437.34,13278.26,508,787.90,56.90,767.54,808.26
Ed25519,AES-GCM,32,8,-1,968196.20,52234.35,949504.38,986888.02,451497.07,43158.48,436053.00,466941.13,62207.53,23339.12,53855.74,70559.33,15221.60,3989.24,13794.07,16649.13,572,671.66,49.07,654.09,689.22
Ed25519,AES-GCM,64,1,-1,0.00,0.00,0.00,0.00,52977.63,2693.07,52013.93,53941.33,5294.77,360.74,5165.68,5423.86,0.00,0.00,0.00,0.00,156,17198.26,747.95,16930.61,17465.91
Ed25519,AES-GCM,64,2,-1,138819.47,11324.80,134766.94,142871.99,110730.40,13657.38,105843.17,115617.63,12489.13,3012.73,11411.04,13567.22,1960.50,423.87,1808.82,2112.18,220,3819.83,337.25,3699.14,3940.51
Ed25519,AES-GCM,64,3,-1,273048.53,13263.48,268302.26,277794.81,169070.07,26040.05,159751.75,178388.38,22185.97,12291.80,17787.40,26584.53,4077.30,1137.80,3670.14,4484.46,284,2153.16,184.23,2087.23,2219.09
Ed25519,AES-GCM,64,4,-1,428046.73,44565.91,412099.03,443994.44,240276.53,45345.02,224050.03,256503.04,35380.37,20162.67,28165.25,42595.49,7441.73,4022.42,6002.33,8881.14,348,1434.02,192.14,1365.26,1502.77
Ed25519,AES-GCM,64,5,-1,545226.27,23566.49,536793.11,553659.43,280929.53,33484.32,268947.32,292911.74,34451.37,13289.15,29695.90,39206.83,8134.40,2115.29,7377.45,8891.35,412,1156.81,78.15,1128.84,1184.78
Ed25519,AES-GCM,64,6,-1,703483.23,60632.20,681786.28,725180.19,357121.97,60615.73,335430.91,378813.03,47155.03,20009.99,39994.55,54315.52,11202.53,3309.46,10018.26,12386.81,476,906.20,102.83,869.40,943.00
Ed25519,AES-GCM,64,7,-1,856119.70,63251.25,833485.53,878753.87,408765.53,46925.18,391973.57,425557.49,56416.33,22399.32,48400.84,64431.83,13739.77,3487.81,12491.67,14987.86,540,755.43,68.66,730.86,780.00
Ed25519,AES-GCM,64,8,-1,978353.83,68872.55,953708.11,1002999.56,459574.70,59071.06,438436.39,480713.01,60056.87,20955.81,52557.93,67555.81,15550.83,4113.34,14078.89,17022.77,604,666.01,56.76,645.70,686.32
Ed25519,AES-GCM,128,1,-1,0.00,0.00,0.00,0.00,62779.23,13658.90,57891.46,67667.01,7616.10,3727.67,6282.17,8950.03,0.00,0.00,0.00,0.00,220,14824.61,2765.90,13834.84,15814.37
Ed25519,AES-GCM,128,2,-1,134526.47,5794.90,132452.79,136600.15,108227.10,12255.59,103841.49,112612.71,12530.97,3960.90,11113.58,13948.36,2007.37,557.76,1807.78,2206.96,284,3903.98,249.45,3814.72,3993.25
Ed25519,AES-GCM,128,3,-1,276727.30,20817.75,269277.76,284176.84,175373.83,25808.90,166138.24,184609.43,23789.77,12779.37,19216.73,28362.80,4218.73,1048.70,3843.46,4594.00,348,2105.26,211.13,2029.71,2180.81
Ed25519,AES-GCM,128,4,-1,412666.60,23982.65,404084.52,421248.68,223048.63,21607.24,215316.58,230780.68,29887.00,12400.99,25449.36,34324.64,6061.10,1258.01,5610.93,6511.27,412,1497.62,111.56,1457.70,1537.54
Ed25519,AES-GCM,128,5,-1,558458.57,43569.35,542867.47,574049.66,297727.70,51810.09,279187.70,316267.70,40702.50,20748.07,33277.90,48127.10,9403.27,3569.75,8125.85,10680.69,476,1117.32,115.57,1075.96,1158.68
Ed25519,AES-GCM,128,6,-1,694214.03,38852.24,680310.94,708117.13,344826.77,42263.75,329702.88,359950.65,43028.20,13456.93,38212.70,47843.70,10316.93,1551.69,9761.67,10872.20,540,920.93,69.99,895.89,945.98
Ed25519,AES-GCM,128,7,-1,832140.00,46333.63,815559.72,848720.28,400079.33,47513.82,383076.73,417081.93,50284.80,15541.67,44723.29,55846.31,12610.20,2694.32,11646.05,13574.35,604,776.31,55.20,756.56,796.06
Ed25519,AES-GCM,128,8,-1,982922.40,75958.37,955741.05,1010103.75,467125.07,60727.00,445394.19,488855.95,63984.23,24456.84,55232.46,72736.00,15240.83,3436.75,14011.01,16470.66,668,659.82,59.60,638.49,681.15
Ed25519,AES-GCM,256,1,-1,0.00,0.00,0.00,0.00,53555.73,2773.10,52563.39,54548.07,5307.93,347.11,5183.72,5432.15,0.00,0.00,0.00,0.00,348,17026.50,748.10,16758.79,17294.20
Ed25519,AES-GCM,256,2,-1,136634.20,8847.36,133468.21,139800.19,111907.37,12690.23,107366.23,116448.51,13415.20,5220.17,11547.18,15283.22,2046.90,604.94,1830.42,2263.38,412,3817.28,317.67,3703.61,3930.96
Ed25519,AES-GCM,256,3,-1,276914.47,20445.20,269598.24,284230.69,173285.50,26801.43,163694.73,182876.27,20228.03,6456.43,17917.63,22538.44,4255.93,1662.73,3660.93,4850.93,476,2127.82,201.13,2055.85,2199.79
Ed25519,AES-GCM,256,4,-1,422710.17,35629.28,409960.39,435459.94,237132.57,36047.83,224233.01,250032.12,32418.17,15416.70,26901.37,37934.96,6530.30,1513.96,5988.53,7072.07,540,1448.64,152.82,1393.96,1503.33
Ed25519,AES-GCM,256,5,-1,546243.10,29954.94,535523.86,556962.34,281172.43,34741.96,268740.18,293604.69,35232.83,15794.67,29580.78,40884.88,8169.50,1659.63,7575.61,8763.39,604,1155.72,88.66,1124.00,1187.45
Ed25519,AES-GCM,256,6,-1,692831.57,39615.67,678655.28,707007.85,339149.53,39195.80,325123.50,353175.57,43548.97,15079.75,38152.75,48945.19,10417.00,2028.52,9691.10,11142.90,668,926.59,69.63,901.68,951.51
Ed25519,AES-GCM,256,7,-1,928811.03,168833.09,868394.89,989227.18,430932.77,73092.28,404777.03,457088.50,47966.23,9372.85,44612.20,51320.26,13596.00,3799.45,12236.38,14955.62,732,723.23,115.17,682.02,764.44
Ed25519,AES-GCM,256,8,-1,1346135.73,22963.50,1337918.35,1354353.12,617083.00,19030.66,610272.96,623893.04,69201.47,6670.94,66814.30,71588.63,19377.57,1216.94,18942.09,19813.04,796,487.60,10.38,483.88,491.31
Ed25519,AES-GCM,512,1,-1,0.00,0.00,0.00,0.00,79516.93,7409.76,76865.39,82168.48,9052.13,3360.67,7849.53,10254.73,0.00,0.00,0.00,0.00,604,11414.58,1077.77,11028.90,11800.25
Ed25519,AES-GCM,512,2,-1,196041.10,10566.63,192259.88,199822.32,160482.10,12612.80,155968.67,164995.53,18545.17,7288.55,15936.99,21153.34,2980.70,543.15,2786.33,3175.07,668,2654.26,151.89,2599.91,2708.61
Ed25519,AES-GCM,512,3,-1,387695.47,12529.63,383211.80,392179.14,238395.13,19688.11,231349.83,245440.43,27240.27,5865.37,25141.37,29339.16,6052.70,1364.46,5564.44,6540.96,732,1520.40,74.52,1493.73,1547.06
Ed25519,AES-GCM,512,4,-1,589042.83,45881.24,572624.44,605461.22,321432.33,43221.12,305965.85,336898.81,36538.70,10514.13,32776.27,40301.13,9001.30,1710.89,8389.07,9613.53,796,1053.74,80.16,1025.06,1082.43
Ed25519,AES-GCM,512,5,-1,786609.77,46211.17,770073.31,803146.22,398485.63,41099.10,383778.51,413192.76,46477.47,11733.98,42278.52,50676.42,12722.13,3085.96,11617.84,13826.43,860,807.51,51.28,789.16,825.86
Ed25519,AES-GCM,512,6,-1,1009474.30,84894.02,979095.36,1039853.24,492657.47,53616.80,473470.94,511843.99,61220.17,18608.26,54561.28,67879.05,16897.23,4848.43,15162.25,18632.22,924,638.06,54.87,618.42,657.69
Ed25519,AES-GCM,512,7,-1,1215663.50,104652.12,1178214.22,1253112.78,602312.23,87074.44,571153.04,633471.42,82379.27,36717.54,69240.06,95518.47,20726.07,5742.08,18671.29,22780.84,988,526.17,50.21,508.20,544.14
Ed25519,AES-GCM,512,8,-1,1394608.20,62966.16,1372076.05,1417140.35,666951.17,57846.49,646251.06,687651.27,85234.90,21459.07,77555.87,92913.93,22454.77,2817.90,21446.40,23463.14,1052,462.74,28.26,452.63,472.86
Ed25519,AES-GCM,1024,1,-1,0.00,0.00,0.00,0.00,81020.70,5785.58,78950.36,83091.04,8421.70,1012.00,8059.56,8783.84,0.00,0.00,0.00,0.00,1116,11233.38,733.44,10970.92,11495.84
Ed25519,AES-GCM,1024,2,-1,203256.43,21513.02,195558.10,210954.77,177413.00,27295.16,167645.55,187180.45,26749.17,14920.76,21409.84,32088.49,3853.63,1515.89,3311.18,4396.09,1180,2463.19,271.30,2366.11,2560.28
Ed25519,AES-GCM,1024,3,-1,416673.37,52812.64,397774.61,435572.13,279957.10,57305.26,259450.68,300463.52,37013.07,14699.14,31753.05,42273.09,7951.10,2242.99,7148.46,8753.74,1244,1379.23,192.89,1310.20,1448.25
Ed25519,AES-GCM,1024,4,-1,638553.63,88694.58,606814.69,670292.58,364671.17,56986.99,344278.64,385063.70,52354.70,21591.63,44628.23,60081.17,12406.50,3998.67,10975.59,13837.41,1308,955.41,128.40,909.46,1001.35
Ed25519,AES-GCM,1024,5,-1,830279.83,104002.26,793063.10,867496.56,449697.43,79116.70,421385.89,478008.98,59919.53,26191.60,50546.99,69292.08,15300.33,4705.06,13616.65,16984.02,1372,751.77,93.54,718.29,785.24
Ed25519,AES-GCM,1024,6,-1,1035509.87,109942.00,996167.63,1074852.11,535030.73,86835.34,503957.10,566104.36,75494.77,33055.38,63666.05,87323.48,19855.10,7650.17,17117.52,22592.68,1436,610.03,72.49,584.09,635.97
Ed25519,AES-GCM,1024,7,-1,1226217.40,126827.67,1180832.70,1271602.10,611159.43,84615.19,580880.28,641438.59,82830.60,28284.53,72709.11,92952.09,22601.77,5603.43,20596.61,24606.93,1500,520.99,52.53,502.20,539.79
Ed25519,AES-GCM,1024,8,-1,1457275.57,117900.87,1415085.28,1499465.85,725858.03,96556.64,691305.68,760410.38,100329.10,31716.94,88979.34,111678.86,28295.77,6088.63,26116.98,30474.55,1564,436.64,40.38,422.19,451.09
Ed25519,ChaCha20-Poly1305,8,1,-1,0.00,0.00,0.00,0.00,94941.10,30241.99,84119.14,105763.06,13372.10,8177.40,10445.85,16298.35,0.00,0.00,0.00,0.00,100,9981.19,2441.82,9107.40,10854.99
Ed25519,ChaCha20-Poly1305,8,2,-1,197913.93,19442.56,190956.50,204871.37,161696.60,32317.13,150132.06,173261.14,20722.13,9658.08,17266.03,24178.23,3325.33,1139.04,2917.73,3732.93,164,2650.70,300.84,2543.04,2758.35
Ed25519,ChaCha20-Poly1305,8,3,-1,416568.07,61655.57,394504.91,438631.23,258311.93,46943.05,241513.58,275110.29,37162.27,14797.45,31867.07,42457.47,8303.07,9966.05,4736.76,11869.37,228,1418.19,193.86,1348.81,1487.56
Ed25519,ChaCha20-Poly1305,8,4,-1,603962.10,52686.05,585108.64,622815.56,330468.50,48053.03,313272.94,347664.06,43001.50,11699.08,38815.04,47187.96,9826.93,2427.43,8958.29,10695.58,292,1023.05,96.13,988.65,1057.45
Ed25519,ChaCha20-Poly1305,8,5,-1,821501.00,89715.11,789396.86,853605.14,424782.23,80343.92,396031.53,453532.94,58327.37,20255.99,51078.85,65575.88,14560.23,5248.55,12682.06,16438.40,356,770.46,90.90,737.93,802.99
Ed25519,ChaCha20-Poly1305,8,6,-1,1022405.00,109298.91,983292.89,1061517.11,504371.70,72853.24,478301.50,530441.90,71066.73,28091.35,61014.37,81119.09,17546.37,4021.62,16107.25,18985.49,420,627.17,65.78,603.63,650.71
Ed25519,ChaCha20-Poly1305,8,7,-1,1223805.90,104104.03,1186552.75,1261059.05,583852.43,73155.98,557673.90,610030.96,81637.73,23455.48,73244.30,90031.17,21732.17,4875.13,19987.62,23476.71,484,528.17,48.94,510.66,545.69
Ed25519,ChaCha20-Poly1305,8,8,-1,1423041.87,130541.60,1376328.16,1469755.58,666943.27,87791.28,635527.56,698358.97,94037.47,36002.39,81154.18,106920.76,26228.10,8276.72,23266.31,29189.89,548,457.62,46.26,441.07,474.17
Ed25519,ChaCha20-Poly1305,16,1,-1,0.00,0.00,0.00,0.00,76456.47,5241.41,74580.85,78332.08,8278.20,2025.77,7553.29,9003.11,0.00,0.00,0.00,0.00,108,11865.36,812.91,11574.46,12156.26
Ed25519,ChaCha20-Poly1305,16,2,-1,210830.70,42536.84,195609.09,226052.31,176079.40,49620.65,158322.88,193835.92,22423.50,10800.23,18558.69,26288.31,3421.90,1942.10,2726.93,4116.87,172,2530.44,456.55,2367.07,2693.82
Ed25519,ChaCha20-Poly1305,16,3,-1,402076.30,70262.72,376933.11,427219.49,252905.37,63288.64,230257.82,275552.92,34317.47,17437.55,28077.52,40557.41,6328.67,1891.48,5651.81,7005.52,236,1477.94,200.21,1406.29,1549.58
Ed25519,ChaCha20-Poly1305,16,4,-1,592274.63,70544.10,567030.75,617518.52,313189.77,53389.77,294084.48,332295.05,36081.00,8884.97,32901.55,39260.45,8830.97,1650.46,8240.36,9421.58,300,1065.53,99.13,1030.06,1101.01
Ed25519,ChaCha20-Poly1305,16,5,-1,780010.57,64113.13,757067.98,802953.16,385878.13,36016.63,372989.75,398766.52,44059.30,5171.94,42208.54,45910.06,11879.20,1286.83,11418.71,12339.69,364,823.06,55.58,803.17,842.95
Ed25519,ChaCha20-Poly1305,16,6,-1,974732.73,96311.00,940268.28,1009197.18,467265.40,49575.85,449524.91,485005.89,55821.20,10262.52,52148.81,59493.59,15711.53,3136.14,14589.28,16833.79,428,665.44,48.56,648.07,682.82
Ed25519,ChaCha20-Poly1305,16,7,-1,1160748.27,97307.97,1125927.06,1195569.48,534044.23,45126.93,517895.77,550192.70,61613.30,6434.10,59310.89,63915.71,18057.80,1816.98,17407.60,18708.00,492,566.32,33.93,554.17,578.46
Ed25519,ChaCha20-Poly1305,16,8,-1,1365336.60,107757.88,1326775.94,1403897.26,620270.27,53478.60,601133.20,639407.34,74779.27,12293.07,70380.25,79178.29,22680.90,4265.86,21154.38,24207.42,556,482.63,32.12,471.13,494.12
Ed25519,ChaCha20-Poly1305,32,1,-1,0.00,0.00,0.00,0.00,99466.47,29653.07,88855.25,110077.68,10223.13,2870.99,9195.76,11250.50,0.00,0.00,0.00,0.00,124,9831.75,2554.69,8917.56,10745.93
Ed25519,ChaCha20-Poly1305,32,2,-1,206366.57,41676.06,191452.98,221280.15,173199.70,42184.80,158104.06,188295.34,20873.90,7923.79,18038.41,23709.39,3238.13,1408.62,2734.07,3742.20,188,2558.91,401.88,2415.10,2702.72
Ed25519,ChaCha20-Poly1305,32,3,-1,400713.27,68102.78,376343.00,425083.53,244097.07,48619.57,226698.78,261495.36,29454.63,9548.21,26037.85,32871.42,5994.30,1245.93,5548.45,6440.15,252,1501.30,176.37,1438.18,1564.41
Ed25519,ChaCha20-Poly1305,32,4,-1,600699.63,76264.61,573408.69,627990.57,330039.10,59700.82,308675.44,351402.76,41239.13,13739.50,36322.52,46155.75,9165.53,1632.91,8581.20,9749.86,316,1035.71,115.38,994.43,1077.00
Ed25519,ChaCha20-Poly1305,32,5,-1,795236.07,99048.01,759792.19,830679.94,400997.30,70396.40,375806.27,426188.33,53198.90,21382.31,45547.34,60850.46,12515.93,2019.52,11793.26,13238.61,380,803.87,79.84,775.30,832.44
Ed25519,ChaCha20-Poly1305,32,6,-1,987533.30,102283.17,950931.74,1024134.86,486079.87,75012.84,459236.87,512922.87,61357.83,18088.37,54884.99,67830.67,15547.37,1987.29,14836.22,16258.51,444,651.69,57.10,631.26,672.13
Ed25519,ChaCha20-Poly1305,32,7,-1,1222025.37,130608.65,1175287.66,1268763.07,589448.27,93782.36,555888.68,623007.85,83138.07,32429.32,71533.38,94742.75,21339.17,5276.14,19451.12,23227.21,508,529.52,60.03,508.04,551.01
Ed25519,ChaCha20-Poly1305,32,8,-1,1411370.20,125285.82,1366537.24,1456203.16,663744.80,98526.67,628487.48,699002.12,93077.67,35839.81,80252.55,105902.78,24290.17,5446.79,22341.06,26239.28,572,461.40,46.51,444.76,478.04
Ed25519,ChaCha20-Poly1305,64,1,-1,0.00,0.00,0.00,0.00,83663.60,12883.43,79053.32,88273.88,10490.20,3832.14,9118.89,11861.51,0.00,0.00,0.00,0.00,156,10871.55,1550.06,10316.87,11426.24
Ed25519,ChaCha20-Poly1305,64,2,-1,200984.90,29548.60,190411.07,211558.73,158532.97,27036.22,148858.18,168207.75,19705.50,8888.86,16524.66,22886.34,2789.47,400.06,2646.31,2932.62,220,2663.70,295.54,2557.94,2769.46
Ed25519,ChaCha20-Poly1305,64,3,-1,427975.13,54034.53,408639.13,447311.14,266035.70,41933.55,251029.97,281041.43,38676.20,13754.67,33754.15,43598.25,7828.67,2217.72,7035.07,8622.27,284,1375.94,184.98,1309.74,1442.13
Ed25519,ChaCha20-Poly1305,64,4,-1,619392.57,88937.26,587566.78,651218.36,339579.97,68220.82,315167.46,363992.47,45017.03,18598.12,38361.78,51672.28,9962.20,2719.02,8989.21,10935.19,348,1007.73,131.43,960.70,1054.76
Ed25519,ChaCha20-Poly1305,64,5,-1,814071.67,107639.57,775553.34,852589.99,416388.80,68974.97,391706.43,441071.17,57815.33,25482.02,48696.71,66933.96,14001.53,4317.75,12456.45,15546.62,412,781.42,91.40,748.71,814.12
Ed25519,ChaCha20-Poly1305,64,6,-1,1018447.80,99531.81,982830.80,1054064.80,509243.57,81357.30,480130.23,538356.90,67171.73,18832.10,60432.75,73910.71,17298.47,4350.17,15741.78,18855.15,476,627.90,64.50,604.82,650.98
Ed25519,ChaCha20-Poly1305,64,7,-1,1228844.63,104665.90,1191390.42,1266298.85,596329.70,91800.37,563479.36,629180.04,80780.93,25427.03,71681.99,89879.88,21116.73,5693.44,19079.36,23154.11,540,524.65,52.31,505.93,543.37
Ed25519,ChaCha20-Poly1305,64,8,-1,1424179.57,127298.19,1378626.49,1469732.64,676798.53,88584.64,645098.93,708498.14,92749.20,32699.15,81047.96,104450.44,25291.23,6220.49,23065.26,27517.21,604,455.49,44.94,439.41,471.57
Ed25519,ChaCha20-Poly1305,128,1,-1,0.00,0.00,0.00,0.00,89612.33,15852.52,83939.58,95285.08,12986.50,6069.80,10814.45,15158.55,0.00,0.00,0.00,0.00,220,10011.98,1470.68,9485.70,10538.26
Ed25519,ChaCha20-Poly1305,128,2,-1,193498.13,10880.38,189604.64,197391.63,154556.63,11993.74,150264.73,158848.54,17844.47,3068.44,16746.44,18942.49,2997.73,668.64,2758.46,3237.00,284,2721.30,160.87,2663.73,2778.86
Ed25519,ChaCha20-Poly1305,128,3,-1,423688.73,68218.03,399277.22,448100.24,263635.03,49876.44,245786.98,281483.09,37593.30,16599.69,31653.18,43533.42,7175.43,2384.40,6322.19,8028.68,348,1402.76,214.29,1326.08,1479.44
Ed25519,ChaCha20-Poly1305,128,4,-1,611158.33,78278.72,583146.65,639170.01,330288.07,55690.08,310359.63,350216.51,43800.70,18221.01,37280.40,50321.00,11078.60,7218.02,8495.66,13661.54,412,1020.76,118.28,978.43,1063.08
Ed25519,ChaCha20-Poly1305,128,5,-1,804898.10,84607.16,774621.82,835174.38,415088.43,70016.41,390033.38,440143.49,58351.13,24135.68,49714.29,66987.98,14025.50,4923.25,12263.74,15787.26,476,784.91,84.74,754.58,815.23
Ed25519,ChaCha20-Poly1305,128,6,-1,993158.67,71707.41,967498.50,1018818.84,488410.13,59154.18,467242.08,509578.19,64541.93,24331.66,55834.96,73248.91,15912.17,2138.94,15146.76,16677.58,540,644.94,50.90,626.73,663.16
Ed25519,ChaCha20-Poly1305,128,7,-1,1492980.03,434684.25,1337430.27,1648529.79,712548.13,217088.83,634863.89,790232.37,90541.43,29605.02,79947.41,101135.45,23878.47,6742.97,21465.53,26291.41,604,464.37,117.96,422.16,506.58
Ed25519,ChaCha20-Poly1305,128,8,-1,1805276.43,551818.87,1607810.59,2002742.28,833193.37,265344.80,738240.95,928145.78,91123.43,27465.46,81295.04,100951.82,27603.67,7933.39,24764.74,30442.60,668,395.41,110.63,355.82,435.00
Ed25519,ChaCha20-Poly1305,256,1,-1,0.00,0.00,0.00,0.00,76293.87,3624.57,74996.83,77590.90,8254.93,1313.40,7784.94,8724.93,0.00,0.00,0.00,0.00,348,11851.60,497.40,11673.61,12029.59
Ed25519,ChaCha20-Poly1305,256,2,-1,194235.40,5262.30,192352.31,196118.49,161532.73,16061.89,155785.06,167280.41,19916.93,4402.60,18341.48,21492.38,3232.80,808.56,2943.46,3522.14,412,2647.16,146.09,2594.88,2699.44
Ed25519,ChaCha20-Poly1305,256,3,-1,399616.87,41230.30,384862.79,414370.94,240664.10,28321.78,230529.28,250798.92,29519.03,8254.42,26565.23,32472.84,6831.90,1774.65,6196.85,7466.95,476,1492.00,131.27,1445.03,1538.98
Ed25519,ChaCha20-Poly1305,256,4,-1,601558.43,53254.96,582501.39,620615.48,325199.07,40979.17,310534.86,339863.27,40769.53,12915.74,36147.69,45391.37,10500.27,3026.96,9417.08,11583.45,540,1032.05,91.11,999.45,1064.66
Ed25519,ChaCha20-Poly1305,256,5,-1,779121.87,42244.74,764004.78,794238.95,385118.73,21267.99,377508.08,392729.39,46578.93,7640.17,43844.93,49312.93,12260.63,890.82,11941.86,12579.41,604,819.90,41.36,805.10,834.70
Ed25519,ChaCha20-Poly1305,256,6,-1,964292.73,24465.06,955538.03,973047.44,459278.57,11692.11,455094.60,463462.53,54420.37,7841.53,51614.31,57226.42,15337.47,1930.63,14646.60,16028.33,668,670.09,17.15,663.95,676.23
Ed25519,ChaCha20-Poly1305,256,7,-1,1168779.70,36647.66,1155665.50,1181893.90,566166.03,54825.08,546547.13,585784.94,75253.60,20712.05,67841.89,82665.31,19820.30,3613.29,18527.30,21113.30,732,548.27,30.98,537.19,559.36
Ed25519,ChaCha20-Poly1305,256,8,-1,1351396.77,20196.52,1344169.53,1358624.00,635674.97,37275.92,622335.95,649013.98,78421.83,15402.51,72910.12,83933.55,22588.97,1627.89,22006.44,23171.50,796,479.40,15.02,474.02,484.77
Ed25519,ChaCha20-Poly1305,512,1,-1,0.00,0.00,0.00,0.00,78578.90,3658.47,77269.73,79888.07,8394.37,1129.85,7990.05,8798.68,0.00,0.00,0.00,0.00,604,11526.02,548.87,11329.61,11722.42
Ed25519,ChaCha20-Poly1305,512,2,-1,196234.33,6915.51,193759.65,198709.02,170632.90,26212.97,161252.71,180013.09,22181.20,7858.63,19369.02,24993.38,3262.67,416.86,3113.50,3411.84,668,2570.84,227.85,2489.30,2652.38
Ed25519,ChaCha20-Poly1305,512,3,-1,392119.20,19841.27,385019.09,399219.31,248763.13,39241.35,234720.80,262805.47,31690.10,11707.47,27500.64,35879.56,6544.80,538.95,6351.94,6737.66,732,1484.68,124.90,1439.98,1529.37
Ed25519,ChaCha20-Poly1305,512,4,-1,593046.57,34094.15,580846.13,605247.00,333942.60,39587.99,319776.22,348108.98,47078.43,26540.21,37581.14,56575.73,11297.47,3303.53,10115.31,12479.62,796,1022.74,86.91,991.64,1053.84
Ed25519,ChaCha20-Poly1305,512,5,-1,784047.53,38700.91,770198.59,797896.48,408681.30,57836.70,387984.70,429377.90,51360.33,13999.97,46350.51,56370.16,13840.20,1525.37,13294.35,14386.05,860,799.66,56.44,779.46,819.85
Ed25519,ChaCha20-Poly1305,512,6,-1,1030440.27,104312.78,993112.42,1067768.12,517187.53,78006.43,489273.29,545101.77,70597.37,24244.39,61921.62,79273.11,19362.00,5001.69,17572.17,21151.83,924,618.95,67.82,594.68,643.22
Ed25519,ChaCha20-Poly1305,512,7,-1,923003.80,249369.35,833768.13,1012239.47,461124.80,146129.10,408833.17,513416.43,68270.40,34266.97,56008.12,80532.68,19445.93,8433.08,16428.20,22463.67,988,730.50,184.42,664.51,796.50
Ed25519,ChaCha20-Poly1305,512,8,-1,850008.37,56284.25,829867.31,870149.43,403688.60,44007.78,387940.62,419436.58,55439.10,22647.52,47334.79,63543.41,16576.17,5600.24,14572.15,18580.19,1052,759.64,59.99,738.18,781.11
Ed25519,ChaCha20-Poly1305,1024,1,-1,0.00,0.00,0.00,0.00,50346.03,2626.30,49406.22,51285.84,5569.23,307.78,5459.10,5679.37,0.00,0.00,0.00,0.00,1116,17922.39,767.59,17647.72,18197.07
Ed25519,ChaCha20-Poly1305,1024,2,-1,130046.33,9811.63,126535.29,133557.38,119144.67,19295.43,112239.89,126049.45,17818.90,6528.08,15482.86,20154.94,2557.73,596.45,2344.30,2771.17,1180,3750.58,390.44,3610.87,3890.30
Ed25519,ChaCha20-Poly1305,1024,3,-1,253409.20,14241.39,248312.98,258505.42,163421.47,18790.91,156697.23,170145.71,24112.33,12253.20,19727.58,28497.08,5004.10,1022.54,4638.19,5370.01,1244,2258.89,185.40,2192.54,2325.23
Ed25519,ChaCha20-Poly1305,1024,4,-1,388782.40,20510.70,381442.74,396122.06,223638.17,26210.11,214259.00,233017.33,32737.53,15440.84,27212.10,38262.97,7832.20,1538.25,7281.74,8382.66,1308,1541.87,124.76,1497.23,1586.52
Ed25519,ChaCha20-Poly1305,1024,5,-1,517508.63,26763.88,507931.30,527085.96,277809.53,31803.92,266428.65,289190.42,36520.33,11006.76,32581.62,40459.05,10155.33,726.39,9895.40,10415.27,1372,1194.13,83.30,1164.32,1223.93
Ed25519,ChaCha20-Poly1305,1024,6,-1,662859.23,22897.46,654665.48,671052.99,346185.70,41893.16,331194.42,361176.98,50582.37,18188.35,44073.75,57090.98,13961.50,1722.59,13345.08,14577.92,1436,935.95,63.46,913.24,958.66
Ed25519,ChaCha20-Poly1305,1024,7,-1,808154.63,34079.03,795959.61,820349.66,408335.13,45033.70,392220.03,424450.24,58648.70,16268.28,52827.17,64470.23,17676.73,3156.98,16547.02,18806.45,1500,777.06,51.50,758.63,795.49
Ed25519,ChaCha20-Poly1305,1024,8,-1,944327.47,37575.60,930881.21,957773.72,462022.77,47175.78,445141.13,478904.40,61958.73,17740.15,55610.50,68306.96,19454.37,1980.34,18745.71,20163.02,1564,674.73,40.71,660.16,689.29
